state_code,vertical,storage_column,source_label,definition,units,reporting_frequency,timing_basis,promotions_and_deductions,channel,reporting_granularity,definition_applies_from,definition_applies_to,evidence_period,source_url,source_file,limitations
AK,online_sports_betting,none,no collected metric,The state gaming guide covers charitable gaming. Its direct download returned HTTP 403; indexed official guidance and the DOR overview did not identify a public online-revenue series. Current launch status is not established by this check.,not applicable,none identified,unknown,unknown,unknown,unknown,unknown,unknown,none,https://www.commerce.alaska.gov/web/dcra/LocalGovernmentResourceDesk/FinancialManagement/Gaming.aspx?lv=true,unknown,No observations fabricated. Recheck the named official source for a product launch or separate public series; retain no zero observations.
AK,online_casino,none,no collected metric,The state gaming guide covers charitable gaming. Its direct download returned HTTP 403; indexed official guidance and the DOR overview did not identify a public online-revenue series. Current launch status is not established by this check.,not applicable,none identified,unknown,unknown,unknown,unknown,unknown,unknown,none,https://www.commerce.alaska.gov/web/dcra/LocalGovernmentResourceDesk/FinancialManagement/Gaming.aspx?lv=true,unknown,No observations fabricated. Recheck the named official source for a product launch or separate public series; retain no zero observations.
AL,online_sports_betting,none,no collected metric,"Reviewed the current official gambling-code entry and source search; no official online sports/casino revenue archive identified. This is a source finding, not a new legal determination.",not applicable,none identified,unknown,unknown,unknown,unknown,unknown,unknown,none,https://alison.legislature.state.al.us/code-of-alabama?section=13A-12-21,unknown,No observations fabricated. Recheck the named official source for a product launch or separate public series; retain no zero observations.
AL,online_casino,none,no collected metric,"Reviewed the current official gambling-code entry and source search; no official online sports/casino revenue archive identified. This is a source finding, not a new legal determination.",not applicable,none identified,unknown,unknown,unknown,unknown,unknown,unknown,none,https://alison.legislature.state.al.us/code-of-alabama?section=13A-12-21,unknown,No observations fabricated. Recheck the named official source for a product launch or separate public series; retain no zero observations.
AR,online_sports_betting,none,no collected metric,"Checked DFA Casino Gaming Section, FAQ, tax descriptions and site report search. Public tax collections are combined casino receipts; no downloadable mobile activity archive found. Mobile reports are known to be reported to DFA; absence from these pages is not proof they do not exist.",not applicable,none identified,unknown,unknown,online series not located,unknown,unknown,unknown,none,https://www.dfa.arkansas.gov/office/taxes/field-audit-administration/casino-gaming-section/,unknown,No observations fabricated. Obtain the DFA monthly mobile activity report or its public archive URL; do not treat aggregate casino taxes as online GGR.
AR,online_casino,none,no collected metric,Checked the official regulator reporting/FAQ source and linked reporting categories; no separate online casino revenue series identified. This does not establish current legal status.,not applicable,none identified,unknown,unknown,unknown,unknown,unknown,unknown,none,https://www.dfa.arkansas.gov/office/taxes/field-audit-administration/casino-gaming-section/,unknown,No observations fabricated. Recheck the named official source for a product launch or separate public series; retain no zero observations.
AZ,online_sports_betting,none,no collected metric,"Landing returned 200, but June/May 2026 and December 2025 event-wagering PDF downloads returned HTTP 403. No PDF bytes available for a validated parser. Native adjusted columns must not be relabeled GGR.",not applicable,monthly,unknown,unknown,mobile separate from retail,unknown,unknown,unknown,none,https://gaming.az.gov/resources/reports,unknown,"No observations fabricated. Save an official report manually if accessible, then inspect and implement its mobile columns before staging. Keep TLS/access controls intact."
AZ,online_casino,none,no collected metric,Checked the official regulator reporting/FAQ source and linked reporting categories; no separate online casino revenue series identified. This does not establish current legal status.,not applicable,none identified,unknown,unknown,unknown,unknown,unknown,unknown,none,https://gaming.az.gov/resources/reports,unknown,No observations fabricated. Recheck the named official source for a product launch or separate public series; retain no zero observations.
CA,online_sports_betting,none,no collected metric,Reviewed DOJ gambling oversight and illegal-internet-gambling advisories plus official sports-wagering material; no state online sports/casino revenue series found.,not applicable,none identified,unknown,unknown,unknown,unknown,unknown,unknown,none,https://oag.ca.gov/gambling/advisories,unknown,No observations fabricated. Recheck the named official source for a product launch or separate public series; retain no zero observations.
CA,online_casino,none,no collected metric,Reviewed DOJ gambling oversight and illegal-internet-gambling advisories plus official sports-wagering material; no state online sports/casino revenue series found.,not applicable,none identified,unknown,unknown,unknown,unknown,unknown,unknown,none,https://oag.ca.gov/gambling/advisories,unknown,No observations fabricated. Recheck the named official source for a product launch or separate public series; retain no zero observations.
CO,online_sports_betting,handle,Wagers - Online - Total,Reported wager volume for the selected online channel; not revenue.,USD,monthly,unknown,NSBP includes allowed deductions; promotion allowance can change. Gross report and net report must remain separate; historical deduction limits are not assumed constant.,online,"official_statewide_total; operator identifiers are native reporting names, not a harmonized brand map",unknown,unknown,2024-06-01 to 2024-06-30,https://spl.cde.state.co.us/artemis/revserials/rev14111internet/rev14111202406internet.pdf,data\raw\CO\2026-09-05\818c672d4ecb93e43e4c64c19e95452a73781981bd7890413e5d0f7a08f6a513_rev14111202406internet.pdf,Archive is July 2021-February 2026 with July 2025 absent. Most files only report internet NSBP/tax; GGR/handle appear in four retained summaries. Regulator landing and direct current report downloads returned HTTP 403. No net-to-gross substitution. Definition validity across the whole stored history has not been inferred from this example.
CO,online_sports_betting,gross_revenue,Total GGR - Online,Printed online gross wagers less payments to players. Preserve independently of net sports betting proceeds.,USD,monthly,unknown,NSBP includes allowed deductions; promotion allowance can change. Gross report and net report must remain separate; historical deduction limits are not assumed constant.,online,"official_statewide_total; operator identifiers are native reporting names, not a harmonized brand map",unknown,unknown,2024-06-01 to 2024-06-30,https://spl.cde.state.co.us/artemis/revserials/rev14111internet/rev14111202406internet.pdf,data\raw\CO\2026-09-05\818c672d4ecb93e43e4c64c19e95452a73781981bd7890413e5d0f7a08f6a513_rev14111202406internet.pdf,Archive is July 2021-February 2026 with July 2025 absent. Most files only report internet NSBP/tax; GGR/handle appear in four retained summaries. Regulator landing and direct current report downloads returned HTTP 403. No net-to-gross substitution. Definition validity across the whole stored history has not been inferred from this example.
CO,online_sports_betting,net_proceeds,NSBP - Internet / Total NSBP - Online,Reported internet net sports betting proceeds after state-allowed deductions; not the same as gross win. Most archived reports contain only this revenue measure.,USD,monthly,unknown,NSBP includes allowed deductions; promotion allowance can change. Gross report and net report must remain separate; historical deduction limits are not assumed constant.,online,"official_statewide_total; operator identifiers are native reporting names, not a harmonized brand map",unknown,unknown,2026-02-01 to 2026-02-28,https://spl.cde.state.co.us/artemis/revserials/rev14111internet/rev14111202602internet.pdf,data\raw\CO\2026-09-05\c2ecd2958624c18e00bca87f650cfc01a4b7710485761cac1621d1f059088655_rev14111202602internet.pdf,Archive is July 2021-February 2026 with July 2025 absent. Most files only report internet NSBP/tax; GGR/handle appear in four retained summaries. Regulator landing and direct current report downloads returned HTTP 403. No net-to-gross substitution. Definition validity across the whole stored history has not been inferred from this example.
CO,online_sports_betting,tax,Taxes - Internet / Total Taxes - Online,Reported tax/contribution or explicitly summed source tax lines; tax timing and coverage are source-specific.,USD,monthly,unknown,NSBP includes allowed deductions; promotion allowance can change. Gross report and net report must remain separate; historical deduction limits are not assumed constant.,online,"official_statewide_total; operator identifiers are native reporting names, not a harmonized brand map",unknown,unknown,2026-02-01 to 2026-02-28,https://spl.cde.state.co.us/artemis/revserials/rev14111internet/rev14111202602internet.pdf,data\raw\CO\2026-09-05\c2ecd2958624c18e00bca87f650cfc01a4b7710485761cac1621d1f059088655_rev14111202602internet.pdf,Archive is July 2021-February 2026 with July 2025 absent. Most files only report internet NSBP/tax; GGR/handle appear in four retained summaries. Regulator landing and direct current report downloads returned HTTP 403. No net-to-gross substitution. Definition validity across the whole stored history has not been inferred from this example.
CO,online_casino,none,no collected metric,Checked the official regulator reporting/FAQ source and linked reporting categories; no separate online casino revenue series identified. This does not establish current legal status.,not applicable,none identified,unknown,unknown,unknown,unknown,unknown,unknown,none,https://spl.cde.state.co.us/artemis/revserials/rev14111internet/,unknown,No observations fabricated. Recheck the named official source for a product launch or separate public series; retain no zero observations.
CT,online_sports_betting,handle,Wagers,Reported wager volume for the selected online channel; not revenue.,USD,monthly,unknown,Gross and taxable/payment calculations differ. Promotional deductibility and historical limits must be read in the source footnotes; not inferred from the label Gross.,online,"operator; operator identifiers are native reporting names, not a harmonized brand map",unknown,unknown,2026-07-01 to 2026-07-31,https://data.ct.gov/api/views/xf6g-659c/rows.csv?accessType=DOWNLOAD,data/raw/CT/2026-09-03/19d6d3ee1aff10fbe11d6bb40e61ab554d23b09561dac5e56377363815d35a03_ct_online_sports_source.csv,Staging corrects the legacy mapping: printed online Win/(Loss) is gross; Unadjusted Monthly Gaming Revenue is sports win after excise; Total Gross Gaming Revenue is the post-promotion taxable/payment base. Original database retains the older mapping and must be reviewed before comparison. Definition validity across the whole stored history has not been inferred from this example.
CT,online_sports_betting,gross_revenue,Online Sports Wagering Win/(Loss) / Online Casino Gaming Win/(Loss),Printed online win/loss before federal excise and promotional deductions. It includes the source treatment of cancelled wagers and sports resettlements; do not substitute Total Gross Gaming Revenue.,USD,monthly,unknown,Gross and taxable/payment calculations differ. Promotional deductibility and historical limits must be read in the source footnotes; not inferred from the label Gross.,online,"operator; operator identifiers are native reporting names, not a harmonized brand map",unknown,unknown,2026-07-01 to 2026-07-31,https://data.ct.gov/api/views/xf6g-659c/rows.csv?accessType=DOWNLOAD,data/raw/CT/2026-09-03/19d6d3ee1aff10fbe11d6bb40e61ab554d23b09561dac5e56377363815d35a03_ct_online_sports_source.csv,Staging corrects the legacy mapping: printed online Win/(Loss) is gross; Unadjusted Monthly Gaming Revenue is sports win after excise; Total Gross Gaming Revenue is the post-promotion taxable/payment base. Original database retains the older mapping and must be reviewed before comparison. Definition validity across the whole stored history has not been inferred from this example.
CT,online_sports_betting,adjusted_revenue,Unadjusted Monthly Gaming Revenue,"Sports Unadjusted Monthly Gaming Revenue is win/loss after federal excise, before the promotional deduction. Despite its native name, it is already adjusted relative to gross win.",USD,monthly,unknown,Gross and taxable/payment calculations differ. Promotional deductibility and historical limits must be read in the source footnotes; not inferred from the label Gross.,online,"operator; operator identifiers are native reporting names, not a harmonized brand map",unknown,unknown,2026-07-01 to 2026-07-31,https://data.ct.gov/api/views/xf6g-659c/rows.csv?accessType=DOWNLOAD,data/raw/CT/2026-09-03/19d6d3ee1aff10fbe11d6bb40e61ab554d23b09561dac5e56377363815d35a03_ct_online_sports_source.csv,Staging corrects the legacy mapping: printed online Win/(Loss) is gross; Unadjusted Monthly Gaming Revenue is sports win after excise; Total Gross Gaming Revenue is the post-promotion taxable/payment base. Original database retains the older mapping and must be reviewed before comparison. Definition validity across the whole stored history has not been inferred from this example.
CT,online_sports_betting,taxable_revenue,Total Gross Gaming Revenue,Source Total Gross Gaming Revenue is the post-promotion payment base. Sports also deducts federal excise before this amount. Its native GGR label does not mean pre-deduction win.,USD,monthly,unknown,Gross and taxable/payment calculations differ. Promotional deductibility and historical limits must be read in the source footnotes; not inferred from the label Gross.,online,"operator; operator identifiers are native reporting names, not a harmonized brand map",unknown,unknown,2026-07-01 to 2026-07-31,https://data.ct.gov/api/views/xf6g-659c/rows.csv?accessType=DOWNLOAD,data/raw/CT/2026-09-03/19d6d3ee1aff10fbe11d6bb40e61ab554d23b09561dac5e56377363815d35a03_ct_online_sports_source.csv,Staging corrects the legacy mapping: printed online Win/(Loss) is gross; Unadjusted Monthly Gaming Revenue is sports win after excise; Total Gross Gaming Revenue is the post-promotion taxable/payment base. Original database retains the older mapping and must be reviewed before comparison. Definition validity across the whole stored history has not been inferred from this example.
CT,online_sports_betting,tax,Payment (7) sports / Payment (5) casino,The source Payment column for the selected product. A payment is not interchangeable with a same-month accounting tax accrual.,USD,monthly,unknown,Gross and taxable/payment calculations differ. Promotional deductibility and historical limits must be read in the source footnotes; not inferred from the label Gross.,online,"operator; operator identifiers are native reporting names, not a harmonized brand map",unknown,unknown,2026-07-01 to 2026-07-31,https://data.ct.gov/api/views/xf6g-659c/rows.csv?accessType=DOWNLOAD,data/raw/CT/2026-09-03/19d6d3ee1aff10fbe11d6bb40e61ab554d23b09561dac5e56377363815d35a03_ct_online_sports_source.csv,Staging corrects the legacy mapping: printed online Win/(Loss) is gross; Unadjusted Monthly Gaming Revenue is sports win after excise; Total Gross Gaming Revenue is the post-promotion taxable/payment base. Original database retains the older mapping and must be reviewed before comparison. Definition validity across the whole stored history has not been inferred from this example.
CT,online_casino,handle,Wagers,Reported wager volume for the selected online channel; not revenue.,USD,monthly,unknown,Gross and taxable/payment calculations differ. Promotional deductibility and historical limits must be read in the source footnotes; not inferred from the label Gross.,online,"operator; operator identifiers are native reporting names, not a harmonized brand map",unknown,unknown,2026-07-01 to 2026-07-31,https://data.ct.gov/api/views/imqd-at3c/rows.csv?accessType=DOWNLOAD,data/raw/CT/2026-09-03/e7b21691f7d424cf0bb624303d4cf6f23c62fadb32063340145ce52d74fbc413_ct_online_casino_source.csv,Staging corrects the legacy mapping: printed online Win/(Loss) is gross; Unadjusted Monthly Gaming Revenue is sports win after excise; Total Gross Gaming Revenue is the post-promotion taxable/payment base. Original database retains the older mapping and must be reviewed before comparison. Definition validity across the whole stored history has not been inferred from this example.
CT,online_casino,gross_revenue,Online Sports Wagering Win/(Loss) / Online Casino Gaming Win/(Loss),Printed online win/loss before federal excise and promotional deductions. It includes the source treatment of cancelled wagers and sports resettlements; do not substitute Total Gross Gaming Revenue.,USD,monthly,unknown,Gross and taxable/payment calculations differ. Promotional deductibility and historical limits must be read in the source footnotes; not inferred from the label Gross.,online,"operator; operator identifiers are native reporting names, not a harmonized brand map",unknown,unknown,2026-07-01 to 2026-07-31,https://data.ct.gov/api/views/imqd-at3c/rows.csv?accessType=DOWNLOAD,data/raw/CT/2026-09-03/e7b21691f7d424cf0bb624303d4cf6f23c62fadb32063340145ce52d74fbc413_ct_online_casino_source.csv,Staging corrects the legacy mapping: printed online Win/(Loss) is gross; Unadjusted Monthly Gaming Revenue is sports win after excise; Total Gross Gaming Revenue is the post-promotion taxable/payment base. Original database retains the older mapping and must be reviewed before comparison. Definition validity across the whole stored history has not been inferred from this example.
CT,online_casino,taxable_revenue,Total Gross Gaming Revenue,Source Total Gross Gaming Revenue is the post-promotion payment base. Sports also deducts federal excise before this amount. Its native GGR label does not mean pre-deduction win.,USD,monthly,unknown,Gross and taxable/payment calculations differ. Promotional deductibility and historical limits must be read in the source footnotes; not inferred from the label Gross.,online,"operator; operator identifiers are native reporting names, not a harmonized brand map",unknown,unknown,2026-07-01 to 2026-07-31,https://data.ct.gov/api/views/imqd-at3c/rows.csv?accessType=DOWNLOAD,data/raw/CT/2026-09-03/e7b21691f7d424cf0bb624303d4cf6f23c62fadb32063340145ce52d74fbc413_ct_online_casino_source.csv,Staging corrects the legacy mapping: printed online Win/(Loss) is gross; Unadjusted Monthly Gaming Revenue is sports win after excise; Total Gross Gaming Revenue is the post-promotion taxable/payment base. Original database retains the older mapping and must be reviewed before comparison. Definition validity across the whole stored history has not been inferred from this example.
CT,online_casino,tax,Payment (7) sports / Payment (5) casino,The source Payment column for the selected product. A payment is not interchangeable with a same-month accounting tax accrual.,USD,monthly,unknown,Gross and taxable/payment calculations differ. Promotional deductibility and historical limits must be read in the source footnotes; not inferred from the label Gross.,online,"operator; operator identifiers are native reporting names, not a harmonized brand map",unknown,unknown,2026-07-01 to 2026-07-31,https://data.ct.gov/api/views/imqd-at3c/rows.csv?accessType=DOWNLOAD,data/raw/CT/2026-09-03/e7b21691f7d424cf0bb624303d4cf6f23c62fadb32063340145ce52d74fbc413_ct_online_casino_source.csv,Staging corrects the legacy mapping: printed online Win/(Loss) is gross; Unadjusted Monthly Gaming Revenue is sports win after excise; Total Gross Gaming Revenue is the post-promotion taxable/payment base. Original database retains the older mapping and must be reviewed before comparison. Definition validity across the whole stored history has not been inferred from this example.
DC,online_sports_betting,handle,Handle,Reported wager volume for the selected online channel; not revenue.,USD,monthly,unknown,unknown; inspect the linked report and applicable footnotes before comparing periods or states,online,"operator; operator identifiers are native reporting names, not a harmonized brand map",unknown,unknown,2026-07-01 to 2026-07-31,https://dclottery.com/olg/financials/july-2026-unaudited,data/raw/DC/2026-09-03/9f52fb938bee727572117329033dc4e45c42e0847f1e4f5fad65645002fceec8_july-2026-unaudited.html,Stored official history starts July 2024; earlier GambetDC operator history is not represented. Complete-market comparisons across the transition are not supported. Definition validity across the whole stored history has not been inferred from this example.
DC,online_sports_betting,gross_revenue,Gross Gaming Revenue (GGR),Native reported gaming win/receipts in this source. Detailed deduction and timing equivalence is not established merely by this storage name.,USD,monthly,unknown,unknown; inspect the linked report and applicable footnotes before comparing periods or states,online,"operator; operator identifiers are native reporting names, not a harmonized brand map",unknown,unknown,2026-07-01 to 2026-07-31,https://dclottery.com/olg/financials/july-2026-unaudited,data/raw/DC/2026-09-03/9f52fb938bee727572117329033dc4e45c42e0847f1e4f5fad65645002fceec8_july-2026-unaudited.html,Stored official history starts July 2024; earlier GambetDC operator history is not represented. Complete-market comparisons across the transition are not supported. Definition validity across the whole stored history has not been inferred from this example.
DC,online_sports_betting,tax,Tax,Reported tax/contribution or explicitly summed source tax lines; tax timing and coverage are source-specific.,USD,monthly,unknown,unknown; inspect the linked report and applicable footnotes before comparing periods or states,online,"operator; operator identifiers are native reporting names, not a harmonized brand map",unknown,unknown,2026-07-01 to 2026-07-31,https://dclottery.com/olg/financials/july-2026-unaudited,data/raw/DC/2026-09-03/9f52fb938bee727572117329033dc4e45c42e0847f1e4f5fad65645002fceec8_july-2026-unaudited.html,Stored official history starts July 2024; earlier GambetDC operator history is not represented. Complete-market comparisons across the transition are not supported. Definition validity across the whole stored history has not been inferred from this example.
DC,online_casino,none,no collected metric,Checked the official regulator reporting/FAQ source and linked reporting categories; no separate online casino revenue series identified. This does not establish current legal status.,not applicable,none identified,unknown,unknown,unknown,unknown,unknown,unknown,none,https://dclottery.com/olg/financials,unknown,No observations fabricated. Recheck the named official source for a product launch or separate public series; retain no zero observations.
DE,online_sports_betting,none,no collected metric,Official lottery sportsbook tables group casino licensees and retailers without an isolated online column. Accounting periods can end before calendar month-end; sales/net proceeds are not automatically calendar-month GGR.,not applicable,accounting periods,unknown,unknown,mobile and retail combined,unknown,unknown,unknown,none,https://delottery.com/Sports-Lottery/Monthly-Net-Proceeds,unknown,No observations fabricated. Obtain separately labeled online activity and exact period dates before upsert.
DE,online_casino,handle,Played / wagers,Reported wager volume for the selected online channel; not revenue.,USD,monthly,unknown,unknown; inspect the linked report and applicable footnotes before comparing periods or states,online,"official_statewide_total;operator; operator identifiers are native reporting names, not a harmonized brand map",unknown,unknown,2026-07-01 to 2026-07-31,https://www.delottery.com/More/iGaming/Revenue-Distribution/Monthly-Proceeds-And-Distribution-Financial-Year/2027,data/raw/DE/2026-09-03/f0b048de59c253df790829ece04c60ddf8fd5220996a355158c8a4173ba5e63d_2027.html,Casino Played/Won/Net and later Total Net Gaming Revenue labels need period-specific review; vendor/operator transitions must not be treated as a constant revenue definition. Definition validity across the whole stored history has not been inferred from this example.
DE,online_casino,net_proceeds,Net / Total Net Gaming Revenue,Native reported net receipts/proceeds. Detailed deduction rules need source-period review; do not rename this GGR.,USD,monthly,unknown,unknown; inspect the linked report and applicable footnotes before comparing periods or states,online,"official_statewide_total;operator; operator identifiers are native reporting names, not a harmonized brand map",unknown,unknown,2026-07-01 to 2026-07-31,https://www.delottery.com/More/iGaming/Revenue-Distribution/Monthly-Proceeds-And-Distribution-Financial-Year/2027,data/raw/DE/2026-09-03/f0b048de59c253df790829ece04c60ddf8fd5220996a355158c8a4173ba5e63d_2027.html,Casino Played/Won/Net and later Total Net Gaming Revenue labels need period-specific review; vendor/operator transitions must not be treated as a constant revenue definition. Definition validity across the whole stored history has not been inferred from this example.
FL,online_sports_betting,none,no collected metric,"FGCC statistics cover licensed slots, cardrooms and pari-mutuel handle. Annual reporting includes aggregate tribal revenue-share receipts, not an isolated Seminole online sports GGR series.",not applicable,none identified,unknown,unknown,tribal receipts combined,unknown,unknown,unknown,none,https://flgaming.gov/faq/,unknown,No observations fabricated. Use an official tribal sports breakdown if published; do not infer sports GGR from aggregate compact payments.
FL,online_casino,none,no collected metric,Checked the official regulator reporting/FAQ source and linked reporting categories; no separate online casino revenue series identified. This does not establish current legal status.,not applicable,none identified,unknown,unknown,unknown,unknown,unknown,unknown,none,https://flgaming.gov/faq/,unknown,No observations fabricated. Recheck the named official source for a product launch or separate public series; retain no zero observations.
GA,online_sports_betting,none,no collected metric,"GBI lists the lottery, bingo and raffles as the legal forms; no regulated online sportsbook/casino series offered in the checked scope.",not applicable,none identified,unknown,unknown,not offered,unknown,unknown,unknown,none,https://gbi.georgia.gov/services/bingo,unknown,No observations fabricated. Recheck the named official source for a product launch or separate public series; retain no zero observations.
GA,online_casino,none,no collected metric,"GBI lists the lottery, bingo and raffles as the legal forms; no regulated online sportsbook/casino series offered in the checked scope.",not applicable,none identified,unknown,unknown,not offered,unknown,unknown,unknown,none,https://gbi.georgia.gov/services/bingo,unknown,No observations fabricated. Recheck the named official source for a product launch or separate public series; retain no zero observations.
HI,online_sports_betting,none,no collected metric,"Reviewed the official sports-wagering working-group report and 2026 legislative proposals; these are proposals/research, not operating revenue reports. No public regulated series identified; enactment is not inferred from bill text.",not applicable,none identified,unknown,unknown,unknown,unknown,unknown,unknown,none,https://files.hawaii.gov/dbedt/economic/data_reports/online_sports_wagering_report_2025.pdf,unknown,No observations fabricated. Recheck the named official source for a product launch or separate public series; retain no zero observations.
HI,online_casino,none,no collected metric,"Reviewed the official sports-wagering working-group report and 2026 legislative proposals; these are proposals/research, not operating revenue reports. No public regulated series identified; enactment is not inferred from bill text.",not applicable,none identified,unknown,unknown,unknown,unknown,unknown,unknown,none,https://files.hawaii.gov/dbedt/economic/data_reports/online_sports_wagering_report_2025.pdf,unknown,No observations fabricated. Recheck the named official source for a product launch or separate public series; retain no zero observations.
IA,online_sports_betting,handle,INTERNET HANDLE,Reported wager volume for the selected online channel; not revenue.,USD,monthly,unknown,unknown; inspect the linked report and applicable footnotes before comparing periods or states,online,"official_statewide_total;operator; operator identifiers are native reporting names, not a harmonized brand map",unknown,unknown,2026-07-01 to 2026-07-31,https://irgc.iowa.gov/media/505/download?inline,data/raw/IA/2026-09-03/a01d3d1b04193fdb3089dc09e3e13ee3b35cd216f3ccc2d664a027a341ac84a4_July2026_0.pdf,Retained official reports parsed with state-specific field mappings and focused fixture checks. Representative validation does not prove full operator coverage or historical definition consistency. Definition validity across the whole stored history has not been inferred from this example.
IA,online_sports_betting,net_proceeds,INTERNET NET RECEIPTS,Native reported net receipts/proceeds. Detailed deduction rules need source-period review; do not rename this GGR.,USD,monthly,unknown,unknown; inspect the linked report and applicable footnotes before comparing periods or states,online,"official_statewide_total;operator; operator identifiers are native reporting names, not a harmonized brand map",unknown,unknown,2026-07-01 to 2026-07-31,https://irgc.iowa.gov/media/505/download?inline,data/raw/IA/2026-09-03/a01d3d1b04193fdb3089dc09e3e13ee3b35cd216f3ccc2d664a027a341ac84a4_July2026_0.pdf,Retained official reports parsed with state-specific field mappings and focused fixture checks. Representative validation does not prove full operator coverage or historical definition consistency. Definition validity across the whole stored history has not been inferred from this example.
IA,online_casino,none,no collected metric,Checked the official regulator reporting/FAQ source and linked reporting categories; no separate online casino revenue series identified. This does not establish current legal status.,not applicable,none identified,unknown,unknown,unknown,unknown,unknown,unknown,none,https://irgc.iowa.gov/publications-reports/sports-wagering-revenue,unknown,No observations fabricated. Recheck the named official source for a product launch or separate public series; retain no zero observations.
ID,online_sports_betting,none,no collected metric,Reviewed Idaho Lottery gaming law and its charitable-gaming FAQ. No public online sports/casino operating series was identified.,not applicable,none identified,unknown,unknown,unknown,unknown,unknown,unknown,none,https://www.idaholottery.com/charitable-gaming/idaho-law,unknown,No observations fabricated. Recheck the named official source for a product launch or separate public series; retain no zero observations.
ID,online_casino,none,no collected metric,Reviewed Idaho Lottery gaming law and its charitable-gaming FAQ. No public online sports/casino operating series was identified.,not applicable,none identified,unknown,unknown,unknown,unknown,unknown,unknown,none,https://www.idaholottery.com/charitable-gaming/idaho-law,unknown,No observations fabricated. Recheck the named official source for a product launch or separate public series; retain no zero observations.
IL,online_sports_betting,handle,Amount Wagered - Online,Reported wager volume for the selected online channel; not revenue.,USD,monthly,wagers placed / all wagering activity,Completed-event AGR differs from all-wagering handle; source deduction rules and tax changes need period-specific review.,online,"official_statewide_total;operator; operator identifiers are native reporting names, not a harmonized brand map",unknown,unknown,2026-06-01 to 2026-06-30,https://igb.illinois.gov/sports-wagering/sports-reports.html,data/raw/IL/2026-09-03/080bb3e40a1f6c2e2af7827c7234b4d371607fa8376060a805abbd18fc1d6248_il_sport_detail_2026-06.csv|data/raw/IL/2026-09-03/f95f4af8ef929ba8fa0da2cd33ee11dec3982e54401b5645250dbebcdd5c8c02_il_tax_summary_2026-06.csv,Handle uses all wagering activity while State AGR comes from completed events. They are different clocks and must not be divided for hold. Legacy calculated totals are not regulator totals. Definition validity across the whole stored history has not been inferred from this example.
IL,online_sports_betting,adjusted_revenue,State AGR,"State AGR from the completed-events Tax Summary, separate from the all-wagering-activity report used for handle.",USD,monthly,settled wagers / completed events,Completed-event AGR differs from all-wagering handle; source deduction rules and tax changes need period-specific review.,online,"official_statewide_total;operator; operator identifiers are native reporting names, not a harmonized brand map",unknown,unknown,2026-06-01 to 2026-06-30,https://igb.illinois.gov/sports-wagering/sports-reports.html,data/raw/IL/2026-09-03/080bb3e40a1f6c2e2af7827c7234b4d371607fa8376060a805abbd18fc1d6248_il_sport_detail_2026-06.csv|data/raw/IL/2026-09-03/f95f4af8ef929ba8fa0da2cd33ee11dec3982e54401b5645250dbebcdd5c8c02_il_tax_summary_2026-06.csv,Handle uses all wagering activity while State AGR comes from completed events. They are different clocks and must not be divided for hold. Legacy calculated totals are not regulator totals. Definition validity across the whole stored history has not been inferred from this example.
IL,online_sports_betting,tax,State Tax,Reported tax/contribution or explicitly summed source tax lines; tax timing and coverage are source-specific.,USD,monthly,completed-events report,Completed-event AGR differs from all-wagering handle; source deduction rules and tax changes need period-specific review.,online,"official_statewide_total;operator; operator identifiers are native reporting names, not a harmonized brand map",unknown,unknown,2026-06-01 to 2026-06-30,https://igb.illinois.gov/sports-wagering/sports-reports.html,data/raw/IL/2026-09-03/080bb3e40a1f6c2e2af7827c7234b4d371607fa8376060a805abbd18fc1d6248_il_sport_detail_2026-06.csv|data/raw/IL/2026-09-03/f95f4af8ef929ba8fa0da2cd33ee11dec3982e54401b5645250dbebcdd5c8c02_il_tax_summary_2026-06.csv,Handle uses all wagering activity while State AGR comes from completed events. They are different clocks and must not be divided for hold. Legacy calculated totals are not regulator totals. Definition validity across the whole stored history has not been inferred from this example.
IL,online_casino,none,no collected metric,Checked the official regulator reporting/FAQ source and linked reporting categories; no separate online casino revenue series identified. This does not establish current legal status.,not applicable,none identified,unknown,unknown,unknown,unknown,unknown,unknown,none,https://igb.illinois.gov/sports-wagering/sports-reports.html,unknown,No observations fabricated. Recheck the named official source for a product launch or separate public series; retain no zero observations.
IN,online_sports_betting,handle,Handle,Reported wager volume for the selected online channel; not revenue.,USD,monthly,unknown,unknown; inspect the linked report and applicable footnotes before comparing periods or states,online,"official_statewide_total;operator; operator identifiers are native reporting names, not a harmonized brand map",unknown,unknown,2026-07-01 to 2026-07-31,https://www.in.gov/igc/files/reports/2026/2026-07-Revenue.xlsx,data/raw/IN/2026-09-03/a584b9043116e7d1beda842c500b9b99a2465f3fe132ef137656d7d844b97501_2026-07-Revenue.xlsx,Legacy calculated totals remain classified as derived. Gross Receipts and Taxable AGR are distinct source labels; do not assume every historical report has both. Definition validity across the whole stored history has not been inferred from this example.
IN,online_sports_betting,gross_revenue,Gross Receipts,Native reported gaming win/receipts in this source. Detailed deduction and timing equivalence is not established merely by this storage name.,USD,monthly,unknown,unknown; inspect the linked report and applicable footnotes before comparing periods or states,online,"official_statewide_total;operator; operator identifiers are native reporting names, not a harmonized brand map",unknown,unknown,2026-07-01 to 2026-07-31,https://www.in.gov/igc/files/reports/2026/2026-07-Revenue.xlsx,data/raw/IN/2026-09-03/a584b9043116e7d1beda842c500b9b99a2465f3fe132ef137656d7d844b97501_2026-07-Revenue.xlsx,Legacy calculated totals remain classified as derived. Gross Receipts and Taxable AGR are distinct source labels; do not assume every historical report has both. Definition validity across the whole stored history has not been inferred from this example.
IN,online_sports_betting,taxable_revenue,Taxable AGR,Reported tax-base revenue after permitted adjustments; not gross win or a tax payment.,USD,monthly,unknown,unknown; inspect the linked report and applicable footnotes before comparing periods or states,online,"official_statewide_total;operator; operator identifiers are native reporting names, not a harmonized brand map",unknown,unknown,2026-07-01 to 2026-07-31,https://www.in.gov/igc/files/reports/2026/2026-07-Revenue.xlsx,data/raw/IN/2026-09-03/a584b9043116e7d1beda842c500b9b99a2465f3fe132ef137656d7d844b97501_2026-07-Revenue.xlsx,Legacy calculated totals remain classified as derived. Gross Receipts and Taxable AGR are distinct source labels; do not assume every historical report has both. Definition validity across the whole stored history has not been inferred from this example.
IN,online_sports_betting,tax,Tax,Reported tax/contribution or explicitly summed source tax lines; tax timing and coverage are source-specific.,USD,monthly,unknown,unknown; inspect the linked report and applicable footnotes before comparing periods or states,online,"official_statewide_total;operator; operator identifiers are native reporting names, not a harmonized brand map",unknown,unknown,2026-07-01 to 2026-07-31,https://www.in.gov/igc/files/reports/2026/2026-07-Revenue.xlsx,data/raw/IN/2026-09-03/a584b9043116e7d1beda842c500b9b99a2465f3fe132ef137656d7d844b97501_2026-07-Revenue.xlsx,Legacy calculated totals remain classified as derived. Gross Receipts and Taxable AGR are distinct source labels; do not assume every historical report has both. Definition validity across the whole stored history has not been inferred from this example.
IN,online_casino,none,no collected metric,Checked the official regulator reporting/FAQ source and linked reporting categories; no separate online casino revenue series identified. This does not establish current legal status.,not applicable,none identified,unknown,unknown,unknown,unknown,unknown,unknown,none,https://www.in.gov/igc/publications/monthly-revenue/,unknown,No observations fabricated. Recheck the named official source for a product launch or separate public series; retain no zero observations.
KS,online_sports_betting,handle,Settled Wagers,Reported wager volume for the selected online channel; not revenue.,USD,monthly,settled wagers,"Promotional deductions, federal excise and loss carryovers are explicit source columns. Dashes remain missing; negative carryovers are not recast as negative GGR.",online,"official_statewide_total;operator; operator identifiers are native reporting names, not a harmonized brand map",unknown,unknown,2026-07-01 to 2026-07-31,https://www.kslottery.gov/media/dmud1szp/sports-wagering-monthly-detail-2026-07.pdf,data\raw\KS\2026-09-05\de2d681330dd859a53b5e85eb3197e898dc7d4745ff7e4c8d09b42d5771c3c96_sports-wagering-monthly-detail-2026-07.pdf,Current detail archive starts January 2023; September-December 2022 detail not linked. Two 2025 image reports are transcribed by exact hash. Dashes remain missing; net carryover is separate from Net Revenues. Definition validity across the whole stored history has not been inferred from this example.
KS,online_sports_betting,net_proceeds,Net Revenues,"Reported revenue after prizes, promotional deductions, federal excise and applicable carryover treatment. Negative end-of-month carryover is printed separately; it is not this revenue column.",USD,monthly,settled wagers with deductions,"Promotional deductions, federal excise and loss carryovers are explicit source columns. Dashes remain missing; negative carryovers are not recast as negative GGR.",online,"official_statewide_total;operator; operator identifiers are native reporting names, not a harmonized brand map",unknown,unknown,2026-07-01 to 2026-07-31,https://www.kslottery.gov/media/dmud1szp/sports-wagering-monthly-detail-2026-07.pdf,data\raw\KS\2026-09-05\de2d681330dd859a53b5e85eb3197e898dc7d4745ff7e4c8d09b42d5771c3c96_sports-wagering-monthly-detail-2026-07.pdf,Current detail archive starts January 2023; September-December 2022 detail not linked. Two 2025 image reports are transcribed by exact hash. Dashes remain missing; net carryover is separate from Net Revenues. Definition validity across the whole stored history has not been inferred from this example.
KS,online_sports_betting,tax,State Share,Reported State Share. Keep the native state-share meaning; it is not a universal tax measure.,USD,monthly,unknown,"Promotional deductions, federal excise and loss carryovers are explicit source columns. Dashes remain missing; negative carryovers are not recast as negative GGR.",online,"official_statewide_total;operator; operator identifiers are native reporting names, not a harmonized brand map",unknown,unknown,2026-07-01 to 2026-07-31,https://www.kslottery.gov/media/dmud1szp/sports-wagering-monthly-detail-2026-07.pdf,data\raw\KS\2026-09-05\de2d681330dd859a53b5e85eb3197e898dc7d4745ff7e4c8d09b42d5771c3c96_sports-wagering-monthly-detail-2026-07.pdf,Current detail archive starts January 2023; September-December 2022 detail not linked. Two 2025 image reports are transcribed by exact hash. Dashes remain missing; net carryover is separate from Net Revenues. Definition validity across the whole stored history has not been inferred from this example.
KS,online_casino,none,no collected metric,Checked the official regulator reporting/FAQ source and linked reporting categories; no separate online casino revenue series identified. This does not establish current legal status.,not applicable,none identified,unknown,unknown,unknown,unknown,unknown,unknown,none,https://www.kslottery.gov/publications/sports-monthly-detail-breakdown/,unknown,No observations fabricated. Recheck the named official source for a product launch or separate public series; retain no zero observations.
KY,online_sports_betting,handle,Wagers,Reported wager volume for the selected online channel; not revenue.,USD,monthly,settled wagers,Federal excise is deducted from AGR. Promotion/bonus treatment beyond the printed glossary is unknown; do not call AGR gross win.,online,"official_statewide_total; operator identifiers are native reporting names, not a harmonized brand map",unknown,unknown,2025-04-01 to 2025-04-30,https://dcg.ky.gov/Documents/2025-06-24%20Meeting%20Materials%20PUBLIC.pdf,data\raw\KY\2026-09-05\7f5d45a445bf4f13b90f2e63792eff205d9c9c5030db821313ea993e81b91641_2025-06-24-meeting.pdf,"Only March-April 2025 statewide online figures transcribed from official June 2025 meeting packet, PDF pages 123-124. Tableau view returned UnexpectedError and CSV export HTTP 404. Other packet images/operator cells are not transcribed; no claim of complete history. Definition validity across the whole stored history has not been inferred from this example."
KY,online_sports_betting,adjusted_revenue,Adjusted Gross Revenue,"Settled wagers collected on sporting events less winnings paid and federal excise taxes, as defined in the meeting-packet glossary.",USD,monthly,settled wagers less winnings and excise,Federal excise is deducted from AGR. Promotion/bonus treatment beyond the printed glossary is unknown; do not call AGR gross win.,online,"official_statewide_total; operator identifiers are native reporting names, not a harmonized brand map",unknown,unknown,2025-04-01 to 2025-04-30,https://dcg.ky.gov/Documents/2025-06-24%20Meeting%20Materials%20PUBLIC.pdf,data\raw\KY\2026-09-05\7f5d45a445bf4f13b90f2e63792eff205d9c9c5030db821313ea993e81b91641_2025-06-24-meeting.pdf,"Only March-April 2025 statewide online figures transcribed from official June 2025 meeting packet, PDF pages 123-124. Tableau view returned UnexpectedError and CSV export HTTP 404. Other packet images/operator cells are not transcribed; no claim of complete history. Definition validity across the whole stored history has not been inferred from this example."
KY,online_sports_betting,tax,Kentucky Excise Tax,Reported tax/contribution or explicitly summed source tax lines; tax timing and coverage are source-specific.,USD,monthly,unknown,Federal excise is deducted from AGR. Promotion/bonus treatment beyond the printed glossary is unknown; do not call AGR gross win.,online,"official_statewide_total; operator identifiers are native reporting names, not a harmonized brand map",unknown,unknown,2025-04-01 to 2025-04-30,https://dcg.ky.gov/Documents/2025-06-24%20Meeting%20Materials%20PUBLIC.pdf,data\raw\KY\2026-09-05\7f5d45a445bf4f13b90f2e63792eff205d9c9c5030db821313ea993e81b91641_2025-06-24-meeting.pdf,"Only March-April 2025 statewide online figures transcribed from official June 2025 meeting packet, PDF pages 123-124. Tableau view returned UnexpectedError and CSV export HTTP 404. Other packet images/operator cells are not transcribed; no claim of complete history. Definition validity across the whole stored history has not been inferred from this example."
KY,online_casino,none,no collected metric,Checked the official regulator reporting/FAQ source and linked reporting categories; no separate online casino revenue series identified. This does not establish current legal status.,not applicable,none identified,unknown,unknown,unknown,unknown,unknown,unknown,none,https://khrc.ky.gov/newstatic_info.aspx/utils/newstatic_Info.aspx?menuid=80&static_ID=722,unknown,No observations fabricated. Recheck the named official source for a product launch or separate public series; retain no zero observations.
LA,online_sports_betting,handle,Wagers Written,Reported wager volume for the selected online channel; not revenue.,USD,monthly,wagers written,Promo Deduct. is separately printed; net proceeds are not interchangeable with unadjusted win. Tax Paid can reflect payment timing.,online,"official_statewide_total; operator identifiers are native reporting names, not a harmonized brand map",unknown,unknown,2026-07-01 to 2026-07-31,https://lsp.org/media/gwzfpaaa/fy27_mobile_sb_2026_07.xlsx,data/raw/LA/2026-09-03/1f88ad28e35f82458c10ac0fe23aaace08673cb21a5ea5e4aed6d60d69054b2d_fy27_mobile_sb_2026_07.xlsx,FY22 workbook final two rows print July/August 2021 where May/June 2022 are expected. Those conflicting dates are excluded in staging; no replacement months invented. January 2022 is a partial launch month. Definition validity across the whole stored history has not been inferred from this example.
LA,online_sports_betting,net_proceeds,Net Proceeds,Native reported net receipts/proceeds. Detailed deduction rules need source-period review; do not rename this GGR.,USD,monthly,unknown,Promo Deduct. is separately printed; net proceeds are not interchangeable with unadjusted win. Tax Paid can reflect payment timing.,online,"official_statewide_total; operator identifiers are native reporting names, not a harmonized brand map",unknown,unknown,2026-07-01 to 2026-07-31,https://lsp.org/media/gwzfpaaa/fy27_mobile_sb_2026_07.xlsx,data/raw/LA/2026-09-03/1f88ad28e35f82458c10ac0fe23aaace08673cb21a5ea5e4aed6d60d69054b2d_fy27_mobile_sb_2026_07.xlsx,FY22 workbook final two rows print July/August 2021 where May/June 2022 are expected. Those conflicting dates are excluded in staging; no replacement months invented. January 2022 is a partial launch month. Definition validity across the whole stored history has not been inferred from this example.
LA,online_sports_betting,tax,Taxes Paid,Reported tax/contribution or explicitly summed source tax lines; tax timing and coverage are source-specific.,USD,monthly,cash / taxes paid,Promo Deduct. is separately printed; net proceeds are not interchangeable with unadjusted win. Tax Paid can reflect payment timing.,online,"official_statewide_total; operator identifiers are native reporting names, not a harmonized brand map",unknown,unknown,2026-07-01 to 2026-07-31,https://lsp.org/media/gwzfpaaa/fy27_mobile_sb_2026_07.xlsx,data/raw/LA/2026-09-03/1f88ad28e35f82458c10ac0fe23aaace08673cb21a5ea5e4aed6d60d69054b2d_fy27_mobile_sb_2026_07.xlsx,FY22 workbook final two rows print July/August 2021 where May/June 2022 are expected. Those conflicting dates are excluded in staging; no replacement months invented. January 2022 is a partial launch month. Definition validity across the whole stored history has not been inferred from this example.
LA,online_casino,none,no collected metric,Checked the official regulator reporting/FAQ source and linked reporting categories; no separate online casino revenue series identified. This does not establish current legal status.,not applicable,none identified,unknown,unknown,unknown,unknown,unknown,unknown,none,https://lgcb.dps.louisiana.gov/reports/,unknown,No observations fabricated. Recheck the named official source for a product launch or separate public series; retain no zero observations.
MA,online_sports_betting,handle,Wagers,Reported wager volume for the selected online channel; not revenue.,USD,monthly,settled wagers,Taxable revenue has promotional/other adjustments; Accrual Win is retained separately. Never substitute taxable revenue for win.,online,"operator; operator identifiers are native reporting names, not a harmonized brand map",unknown,unknown,2026-07-01 to 2026-07-31,https://massgaming.com/wp-content/uploads/MGC-Revenue-Report-July-2026.pdf,data/raw/MA/2026-09-03/ccac154845a1a2e63dac0a33a9d725edf6eeaa2f2037365c9175596c92891517_MGC-Revenue-Report-July-2026.pdf,Settled wagers and Accrual Win are distinct from Taxable Gaming Revenue; promotional adjustments must be reviewed. Partial launch month March 2023. Definition validity across the whole stored history has not been inferred from this example.
MA,online_sports_betting,gross_revenue,Accrual Win,"Accrual Win from settled sports wagers, retained separately from the taxable gaming revenue column.",USD,monthly,accrual,Taxable revenue has promotional/other adjustments; Accrual Win is retained separately. Never substitute taxable revenue for win.,online,"operator; operator identifiers are native reporting names, not a harmonized brand map",unknown,unknown,2026-07-01 to 2026-07-31,https://massgaming.com/wp-content/uploads/MGC-Revenue-Report-July-2026.pdf,data/raw/MA/2026-09-03/ccac154845a1a2e63dac0a33a9d725edf6eeaa2f2037365c9175596c92891517_MGC-Revenue-Report-July-2026.pdf,Settled wagers and Accrual Win are distinct from Taxable Gaming Revenue; promotional adjustments must be reviewed. Partial launch month March 2023. Definition validity across the whole stored history has not been inferred from this example.
MA,online_sports_betting,taxable_revenue,Taxable Gaming Revenue,Reported tax-base revenue after permitted adjustments; not gross win or a tax payment.,USD,monthly,accrual with tax adjustments,Taxable revenue has promotional/other adjustments; Accrual Win is retained separately. Never substitute taxable revenue for win.,online,"operator; operator identifiers are native reporting names, not a harmonized brand map",unknown,unknown,2026-07-01 to 2026-07-31,https://massgaming.com/wp-content/uploads/MGC-Revenue-Report-July-2026.pdf,data/raw/MA/2026-09-03/ccac154845a1a2e63dac0a33a9d725edf6eeaa2f2037365c9175596c92891517_MGC-Revenue-Report-July-2026.pdf,Settled wagers and Accrual Win are distinct from Taxable Gaming Revenue; promotional adjustments must be reviewed. Partial launch month March 2023. Definition validity across the whole stored history has not been inferred from this example.
MA,online_sports_betting,tax,Tax,Reported tax/contribution or explicitly summed source tax lines; tax timing and coverage are source-specific.,USD,monthly,unknown,Taxable revenue has promotional/other adjustments; Accrual Win is retained separately. Never substitute taxable revenue for win.,online,"operator; operator identifiers are native reporting names, not a harmonized brand map",unknown,unknown,2026-07-01 to 2026-07-31,https://massgaming.com/wp-content/uploads/MGC-Revenue-Report-July-2026.pdf,data/raw/MA/2026-09-03/ccac154845a1a2e63dac0a33a9d725edf6eeaa2f2037365c9175596c92891517_MGC-Revenue-Report-July-2026.pdf,Settled wagers and Accrual Win are distinct from Taxable Gaming Revenue; promotional adjustments must be reviewed. Partial launch month March 2023. Definition validity across the whole stored history has not been inferred from this example.
MA,online_casino,none,no collected metric,Checked the official regulator reporting/FAQ source and linked reporting categories; no separate online casino revenue series identified. This does not establish current legal status.,not applicable,none identified,unknown,unknown,unknown,unknown,unknown,unknown,none,https://massgaming.com/regulations/revenue/,unknown,No observations fabricated. Recheck the named official source for a product launch or separate public series; retain no zero observations.
MD,online_sports_betting,handle,Handle,Reported wager volume for the selected online channel; not revenue.,USD,monthly,"wagers placed, including promotional play; later settlement may revise hold","Taxable win deducts prizes, promotional wagers and other deductions, including excise/adjustments. Loss carryforwards and treatment of negative taxable win differ by report. November 2022 prints negatives; July 2024 footnotes describe a zero floor and carryforward within three months. Do not infer the change date.",online,"official_statewide_total;operator; operator identifiers are native reporting names, not a harmonized brand map",unknown,unknown,2026-07-01 to 2026-07-31,https://www.mdgaming.com/wp-content/uploads/2026/08/July-2026-Sports-Wagering-Data.xlsx,data/raw/MD/2026-09-03/9a53e84c0807f379f00129315ea80621909bf4e1a40e9febdd16c02b838b0224_July-2026-Sports-Wagering-Data.xlsx,Archive pagination and older release titles are now supported; staging reaches the November 2022 mobile launch. Early mobile subtotal is labeled Combined inside MOBILE. November 2022 retains negative taxable win; later summaries may floor losses. Wagers placed can settle later; see footnotes before growth or hold. Definition validity across the whole stored history has not been inferred from this example.
MD,online_sports_betting,taxable_revenue,Taxable Win,Reported tax-base revenue after permitted adjustments; not gross win or a tax payment.,USD,monthly,unknown,"Taxable win deducts prizes, promotional wagers and other deductions, including excise/adjustments. Loss carryforwards and treatment of negative taxable win differ by report. November 2022 prints negatives; July 2024 footnotes describe a zero floor and carryforward within three months. Do not infer the change date.",online,"official_statewide_total;operator; operator identifiers are native reporting names, not a harmonized brand map",unknown,unknown,2026-07-01 to 2026-07-31,https://www.mdgaming.com/wp-content/uploads/2026/08/July-2026-Sports-Wagering-Data.xlsx,data/raw/MD/2026-09-03/9a53e84c0807f379f00129315ea80621909bf4e1a40e9febdd16c02b838b0224_July-2026-Sports-Wagering-Data.xlsx,Archive pagination and older release titles are now supported; staging reaches the November 2022 mobile launch. Early mobile subtotal is labeled Combined inside MOBILE. November 2022 retains negative taxable win; later summaries may floor losses. Wagers placed can settle later; see footnotes before growth or hold. Definition validity across the whole stored history has not been inferred from this example.
MD,online_sports_betting,tax,Contribution to the State,Reported contribution to the state on the mobile report; use the source treatment of adjustments and carryovers.,USD,monthly,funds payable; not proof of same-month cash receipt,"Taxable win deducts prizes, promotional wagers and other deductions, including excise/adjustments. Loss carryforwards and treatment of negative taxable win differ by report. November 2022 prints negatives; July 2024 footnotes describe a zero floor and carryforward within three months. Do not infer the change date.",online,"official_statewide_total;operator; operator identifiers are native reporting names, not a harmonized brand map",unknown,unknown,2026-07-01 to 2026-07-31,https://www.mdgaming.com/wp-content/uploads/2026/08/July-2026-Sports-Wagering-Data.xlsx,data/raw/MD/2026-09-03/9a53e84c0807f379f00129315ea80621909bf4e1a40e9febdd16c02b838b0224_July-2026-Sports-Wagering-Data.xlsx,Archive pagination and older release titles are now supported; staging reaches the November 2022 mobile launch. Early mobile subtotal is labeled Combined inside MOBILE. November 2022 retains negative taxable win; later summaries may floor losses. Wagers placed can settle later; see footnotes before growth or hold. Definition validity across the whole stored history has not been inferred from this example.
MD,online_casino,none,no collected metric,Checked the official regulator reporting/FAQ source and linked reporting categories; no separate online casino revenue series identified. This does not establish current legal status.,not applicable,none identified,unknown,"Taxable win deducts prizes, promotional wagers and other deductions, including excise/adjustments. Loss carryforwards and treatment of negative taxable win differ by report. November 2022 prints negatives; July 2024 footnotes describe a zero floor and carryforward within three months. Do not infer the change date.",unknown,unknown,unknown,unknown,none,https://www.mdgaming.com/maryland-sports-wagering/revenue-reports/,unknown,No observations fabricated. Recheck the named official source for a product launch or separate public series; retain no zero observations.
ME,online_sports_betting,handle,Gross Event Wagering Receipts,Reported wager volume for the selected online channel; not revenue.,USD,monthly,unknown,"Voids, adjustments and federal excise are printed deduction rows. Promotion treatment not established by these labels remains unknown.",online,"operator; operator identifiers are native reporting names, not a harmonized brand map",unknown,unknown,2026-07-01 to 2026-07-31,https://www.maine.gov/dps/sites/maine.gov.dps/files/inline-files/website_Passamaquoddy%20WE%2007-31-2026.pdf,data\raw\ME\2026-09-05\a01b0e1fffc64fb8077e3941b174b7bfe7782541a31836c2a0e04f8581a2e7c7_website_Passamaquoddy_WE_07-31-2026.pdf,Two native tribal reporting groups; operator sums are not printed official statewide totals. YTD is a check only. No casino observations from TBA tables. Definition validity across the whole stored history has not been inferred from this example.
ME,online_sports_betting,adjusted_revenue,Adjusted Gross Receipts,"Gross event wagering receipts plus/minus report adjustments, less voided wagers, payouts and federal excise tax, as shown by the report rows.",USD,monthly,unknown,"Voids, adjustments and federal excise are printed deduction rows. Promotion treatment not established by these labels remains unknown.",online,"operator; operator identifiers are native reporting names, not a harmonized brand map",unknown,unknown,2026-07-01 to 2026-07-31,https://www.maine.gov/dps/sites/maine.gov.dps/files/inline-files/website_Passamaquoddy%20WE%2007-31-2026.pdf,data\raw\ME\2026-09-05\a01b0e1fffc64fb8077e3941b174b7bfe7782541a31836c2a0e04f8581a2e7c7_website_Passamaquoddy_WE_07-31-2026.pdf,Two native tribal reporting groups; operator sums are not printed official statewide totals. YTD is a check only. No casino observations from TBA tables. Definition validity across the whole stored history has not been inferred from this example.
ME,online_sports_betting,tax,Total Tax revenue Due,Reported tax/contribution or explicitly summed source tax lines; tax timing and coverage are source-specific.,USD,monthly,unknown,"Voids, adjustments and federal excise are printed deduction rows. Promotion treatment not established by these labels remains unknown.",online,"operator; operator identifiers are native reporting names, not a harmonized brand map",unknown,unknown,2026-07-01 to 2026-07-31,https://www.maine.gov/dps/sites/maine.gov.dps/files/inline-files/website_Passamaquoddy%20WE%2007-31-2026.pdf,data\raw\ME\2026-09-05\a01b0e1fffc64fb8077e3941b174b7bfe7782541a31836c2a0e04f8581a2e7c7_website_Passamaquoddy_WE_07-31-2026.pdf,Two native tribal reporting groups; operator sums are not printed official statewide totals. YTD is a check only. No casino observations from TBA tables. Definition validity across the whole stored history has not been inferred from this example.
ME,online_casino,none,no collected metric,Official iGaming Revenue Distribution page lists tribal monthly reports as TBA; no operating numeric reports were posted at the check.,not applicable,none identified,unknown,unknown,online,unknown,unknown,unknown,none,https://www.maine.gov/dps/gcu/I-Gaming/I-Gaming-Revenue-Distribution,unknown,No observations fabricated. Check the TBA links after official reporting starts; do not fabricate pre-reporting zeros.
MI,online_sports_betting,handle,Handle,Reported wager volume for the selected online channel; not revenue.,USD,monthly,unknown,Adjusted Gross includes product-specific permitted deductions; historical promotion limits and loss treatment require the applicable report footnotes.,online,"official_statewide_total;operator; operator identifiers are native reporting names, not a harmonized brand map",unknown,unknown,2026-07-01 to 2026-07-31,https://www.michigan.gov/mgcb/-/media/Project/Websites/mgcb/Detroit-Casino-Revenue-Files/Internet-Sports-Betting---2026.xlsx?rev=17cd847ea88a4b1a86245b055013b0cf&hash=15EFC480478985B51B370E433913CE29,data/raw/MI/2026-09-03/72aac626d0c6948063ddd215279ce046f8f10e5530f76677716725dd712ab99c_Internet-Sports-Betting---2026.xlsx,Retained official reports parsed with state-specific field mappings and focused fixture checks. Representative validation does not prove full operator coverage or historical definition consistency. Definition validity across the whole stored history has not been inferred from this example.
MI,online_sports_betting,gross_revenue,Gross Receipts,Native reported gaming win/receipts in this source. Detailed deduction and timing equivalence is not established merely by this storage name.,USD,monthly,unknown,Adjusted Gross includes product-specific permitted deductions; historical promotion limits and loss treatment require the applicable report footnotes.,online,"official_statewide_total;operator; operator identifiers are native reporting names, not a harmonized brand map",unknown,unknown,2026-07-01 to 2026-07-31,https://www.michigan.gov/mgcb/-/media/Project/Websites/mgcb/Detroit-Casino-Revenue-Files/Internet-Sports-Betting---2026.xlsx?rev=17cd847ea88a4b1a86245b055013b0cf&hash=15EFC480478985B51B370E433913CE29,data/raw/MI/2026-09-03/72aac626d0c6948063ddd215279ce046f8f10e5530f76677716725dd712ab99c_Internet-Sports-Betting---2026.xlsx,Retained official reports parsed with state-specific field mappings and focused fixture checks. Representative validation does not prove full operator coverage or historical definition consistency. Definition validity across the whole stored history has not been inferred from this example.
MI,online_sports_betting,adjusted_revenue,Adjusted Gross,Reported adjusted revenue after state-defined adjustments; not a substitute for gross gaming win.,USD,monthly,unknown,Adjusted Gross includes product-specific permitted deductions; historical promotion limits and loss treatment require the applicable report footnotes.,online,"official_statewide_total;operator; operator identifiers are native reporting names, not a harmonized brand map",unknown,unknown,2026-07-01 to 2026-07-31,https://www.michigan.gov/mgcb/-/media/Project/Websites/mgcb/Detroit-Casino-Revenue-Files/Internet-Sports-Betting---2026.xlsx?rev=17cd847ea88a4b1a86245b055013b0cf&hash=15EFC480478985B51B370E433913CE29,data/raw/MI/2026-09-03/72aac626d0c6948063ddd215279ce046f8f10e5530f76677716725dd712ab99c_Internet-Sports-Betting---2026.xlsx,Retained official reports parsed with state-specific field mappings and focused fixture checks. Representative validation does not prove full operator coverage or historical definition consistency. Definition validity across the whole stored history has not been inferred from this example.
MI,online_sports_betting,tax,State tax / payment,Reported tax/contribution or explicitly summed source tax lines; tax timing and coverage are source-specific.,USD,monthly,unknown,Adjusted Gross includes product-specific permitted deductions; historical promotion limits and loss treatment require the applicable report footnotes.,online,"official_statewide_total;operator; operator identifiers are native reporting names, not a harmonized brand map",unknown,unknown,2026-07-01 to 2026-07-31,https://www.michigan.gov/mgcb/-/media/Project/Websites/mgcb/Detroit-Casino-Revenue-Files/Internet-Sports-Betting---2026.xlsx?rev=17cd847ea88a4b1a86245b055013b0cf&hash=15EFC480478985B51B370E433913CE29,data/raw/MI/2026-09-03/72aac626d0c6948063ddd215279ce046f8f10e5530f76677716725dd712ab99c_Internet-Sports-Betting---2026.xlsx,Retained official reports parsed with state-specific field mappings and focused fixture checks. Representative validation does not prove full operator coverage or historical definition consistency. Definition validity across the whole stored history has not been inferred from this example.
MI,online_casino,gross_revenue,Gross Receipts,Native reported gaming win/receipts in this source. Detailed deduction and timing equivalence is not established merely by this storage name.,USD,monthly,unknown,Adjusted Gross includes product-specific permitted deductions; historical promotion limits and loss treatment require the applicable report footnotes.,online,"official_statewide_total;operator; operator identifiers are native reporting names, not a harmonized brand map",unknown,unknown,2026-07-01 to 2026-07-31,https://www.michigan.gov/mgcb/-/media/Project/Websites/mgcb/Detroit-Casino-Revenue-Files/Internet-Gaming---2026.xlsx?rev=ff226c04b053461ba3fcbd87bf24fdf4&hash=A49CAD46FFBA2B3B63EB24B35DC45C3D,data/raw/MI/2026-09-03/69663920af1cd84804481f46149cfd9917c8bd0d274c25319e514a8b9059296a_Internet-Gaming---2026.xlsx,Retained official reports parsed with state-specific field mappings and focused fixture checks. Representative validation does not prove full operator coverage or historical definition consistency. Definition validity across the whole stored history has not been inferred from this example.
MI,online_casino,adjusted_revenue,Adjusted Gross,Reported adjusted revenue after state-defined adjustments; not a substitute for gross gaming win.,USD,monthly,unknown,Adjusted Gross includes product-specific permitted deductions; historical promotion limits and loss treatment require the applicable report footnotes.,online,"official_statewide_total;operator; operator identifiers are native reporting names, not a harmonized brand map",unknown,unknown,2026-07-01 to 2026-07-31,https://www.michigan.gov/mgcb/-/media/Project/Websites/mgcb/Detroit-Casino-Revenue-Files/Internet-Gaming---2026.xlsx?rev=ff226c04b053461ba3fcbd87bf24fdf4&hash=A49CAD46FFBA2B3B63EB24B35DC45C3D,data/raw/MI/2026-09-03/69663920af1cd84804481f46149cfd9917c8bd0d274c25319e514a8b9059296a_Internet-Gaming---2026.xlsx,Retained official reports parsed with state-specific field mappings and focused fixture checks. Representative validation does not prove full operator coverage or historical definition consistency. Definition validity across the whole stored history has not been inferred from this example.
MI,online_casino,tax,State tax / payment,Reported tax/contribution or explicitly summed source tax lines; tax timing and coverage are source-specific.,USD,monthly,unknown,Adjusted Gross includes product-specific permitted deductions; historical promotion limits and loss treatment require the applicable report footnotes.,online,"official_statewide_total;operator; operator identifiers are native reporting names, not a harmonized brand map",unknown,unknown,2026-07-01 to 2026-07-31,https://www.michigan.gov/mgcb/-/media/Project/Websites/mgcb/Detroit-Casino-Revenue-Files/Internet-Gaming---2026.xlsx?rev=ff226c04b053461ba3fcbd87bf24fdf4&hash=A49CAD46FFBA2B3B63EB24B35DC45C3D,data/raw/MI/2026-09-03/69663920af1cd84804481f46149cfd9917c8bd0d274c25319e514a8b9059296a_Internet-Gaming---2026.xlsx,Retained official reports parsed with state-specific field mappings and focused fixture checks. Representative validation does not prove full operator coverage or historical definition consistency. Definition validity across the whole stored history has not been inferred from this example.
MN,online_sports_betting,none,no collected metric,Current DPS consumer guidance explicitly describes online sports betting and gaming as illegal; do not record offshore or prediction-market activity as regulated state revenue.,not applicable,none identified,unknown,unknown,not offered,unknown,unknown,unknown,none,https://dps.mn.gov/news/age/want-bet-super-bowl-knowing-law-can-help-you-stay-safe-and-legal,unknown,No observations fabricated. Recheck the named official source for a product launch or separate public series; retain no zero observations.
MN,online_casino,none,no collected metric,Current DPS consumer guidance explicitly describes online sports betting and gaming as illegal; do not record offshore or prediction-market activity as regulated state revenue.,not applicable,none identified,unknown,unknown,not offered,unknown,unknown,unknown,none,https://dps.mn.gov/news/age/want-bet-super-bowl-knowing-law-can-help-you-stay-safe-and-legal,unknown,No observations fabricated. Recheck the named official source for a product launch or separate public series; retain no zero observations.
MO,online_sports_betting,handle,HANDLE,Reported wager volume for the selected online channel; not revenue.,USD,monthly,unknown,Taxable AGR includes permitted deductions and carryovers; a zero tax can coexist with reported taxable values. Do not infer gross win.,online,"official_statewide_total;operator; operator identifiers are native reporting names, not a harmonized brand map",unknown,unknown,2026-07-01 to 2026-07-31,https://www.mgc.dps.mo.gov/SportsWagering/sw_financials/FY27_SWFinReport/07_Jul/SW%20Monthly%20Financials%200726.xlsx,data/raw/MO/2026-09-03/6b8807ea8ed289f594b9ce2006b6a7cab9db6fc5701c3afc342e6721bc1de3c5_SW_Monthly_Financials_0726.xlsx,Retained official reports parsed with state-specific field mappings and focused fixture checks. Representative validation does not prove full operator coverage or historical definition consistency. Definition validity across the whole stored history has not been inferred from this example.
MO,online_sports_betting,taxable_revenue,TAXABLE AGR,Reported tax-base revenue after permitted adjustments; not gross win or a tax payment.,USD,monthly,unknown,Taxable AGR includes permitted deductions and carryovers; a zero tax can coexist with reported taxable values. Do not infer gross win.,online,"official_statewide_total;operator; operator identifiers are native reporting names, not a harmonized brand map",unknown,unknown,2026-07-01 to 2026-07-31,https://www.mgc.dps.mo.gov/SportsWagering/sw_financials/FY27_SWFinReport/07_Jul/SW%20Monthly%20Financials%200726.xlsx,data/raw/MO/2026-09-03/6b8807ea8ed289f594b9ce2006b6a7cab9db6fc5701c3afc342e6721bc1de3c5_SW_Monthly_Financials_0726.xlsx,Retained official reports parsed with state-specific field mappings and focused fixture checks. Representative validation does not prove full operator coverage or historical definition consistency. Definition validity across the whole stored history has not been inferred from this example.
MO,online_sports_betting,tax,WAGERING TAX,Reported tax/contribution or explicitly summed source tax lines; tax timing and coverage are source-specific.,USD,monthly,unknown,Taxable AGR includes permitted deductions and carryovers; a zero tax can coexist with reported taxable values. Do not infer gross win.,online,"official_statewide_total;operator; operator identifiers are native reporting names, not a harmonized brand map",unknown,unknown,2026-07-01 to 2026-07-31,https://www.mgc.dps.mo.gov/SportsWagering/sw_financials/FY27_SWFinReport/07_Jul/SW%20Monthly%20Financials%200726.xlsx,data/raw/MO/2026-09-03/6b8807ea8ed289f594b9ce2006b6a7cab9db6fc5701c3afc342e6721bc1de3c5_SW_Monthly_Financials_0726.xlsx,Retained official reports parsed with state-specific field mappings and focused fixture checks. Representative validation does not prove full operator coverage or historical definition consistency. Definition validity across the whole stored history has not been inferred from this example.
MO,online_casino,none,no collected metric,Checked the official regulator reporting/FAQ source and linked reporting categories; no separate online casino revenue series identified. This does not establish current legal status.,not applicable,none identified,unknown,unknown,unknown,unknown,unknown,unknown,none,https://www.mgc.dps.mo.gov/SportsWagering/sw_financials/rb_SWFin_main.html,unknown,No observations fabricated. Recheck the named official source for a product launch or separate public series; retain no zero observations.
MS,online_sports_betting,none,no collected metric,MGC FAQ limits sports betting to casinos. Regional sports reports combine on-premises activity; no separate mobile-only values identified.,not applicable,none identified,unknown,unknown,location based mobile / retail,unknown,unknown,unknown,none,https://www.msgamingcommission.com/faqs,unknown,No observations fabricated. Keep location-based activity separate from statewide online. Use separately identified mobile values only if an official report supplies them.
MS,online_casino,none,no collected metric,MGC FAQ explicitly identifies online casino games as illegal; land-based casino revenue is excluded.,not applicable,none identified,unknown,unknown,not offered,unknown,unknown,unknown,none,https://www.msgamingcommission.com/faqs,unknown,No observations fabricated. Recheck the named official source for a product launch or separate public series; retain no zero observations.
MT,online_sports_betting,none,no collected metric,Lottery sportsbook is location based; aggregate Sports Bet reports do not isolate mobile wagers from terminals. Annual financial statements are not statewide remote-online GGR.,not applicable,none identified,unknown,unknown,location based mobile / retail,unknown,unknown,unknown,none,https://montanalottery.com/annual-reports/,unknown,No observations fabricated. Keep location-based activity separate from statewide online. Use separately identified mobile values only if an official report supplies them.
MT,online_casino,none,no collected metric,Checked the official regulator reporting/FAQ source and linked reporting categories; no separate online casino revenue series identified. This does not establish current legal status.,not applicable,none identified,unknown,unknown,unknown,unknown,unknown,unknown,none,https://montanalottery.com/annual-reports/,unknown,No observations fabricated. Recheck the named official source for a product launch or separate public series; retain no zero observations.
NC,online_sports_betting,handle,Total Wagering Revenue,Reported wager volume for the selected online channel; not revenue.,USD,monthly,unknown,unknown; inspect the linked report and applicable footnotes before comparing periods or states,online,"official_statewide_total; operator identifiers are native reporting names, not a harmonized brand map",unknown,unknown,2026-07-01 to 2026-07-31,https://ncgaming.gov/wp-content/uploads/2026/08/NCSLC-Sports-Betting-Revenue-Report-July-2026.pdf,data/raw/NC/2026-09-03/b86edb68ec7433854657935a5b6441385f6b730dd93ea425cae99eb80da0474d_NCSLC-Sports-Betting-Revenue-Report-July-2026.pdf,Retained official reports parsed with state-specific field mappings and focused fixture checks. Representative validation does not prove full operator coverage or historical definition consistency. Definition validity across the whole stored history has not been inferred from this example.
NC,online_sports_betting,gross_revenue,Gross Wagering Revenue,Native reported gaming win/receipts in this source. Detailed deduction and timing equivalence is not established merely by this storage name.,USD,monthly,unknown,unknown; inspect the linked report and applicable footnotes before comparing periods or states,online,"official_statewide_total; operator identifiers are native reporting names, not a harmonized brand map",unknown,unknown,2026-07-01 to 2026-07-31,https://ncgaming.gov/wp-content/uploads/2026/08/NCSLC-Sports-Betting-Revenue-Report-July-2026.pdf,data/raw/NC/2026-09-03/b86edb68ec7433854657935a5b6441385f6b730dd93ea425cae99eb80da0474d_NCSLC-Sports-Betting-Revenue-Report-July-2026.pdf,Retained official reports parsed with state-specific field mappings and focused fixture checks. Representative validation does not prove full operator coverage or historical definition consistency. Definition validity across the whole stored history has not been inferred from this example.
NC,online_sports_betting,tax,Estimated Tax,"Estimated tax in the regulator report, not observed tax cash receipts. Do not aggregate with paid taxes without reconciling their bases.",USD,monthly,unknown,unknown; inspect the linked report and applicable footnotes before comparing periods or states,online,"official_statewide_total; operator identifiers are native reporting names, not a harmonized brand map",unknown,unknown,2026-07-01 to 2026-07-31,https://ncgaming.gov/wp-content/uploads/2026/08/NCSLC-Sports-Betting-Revenue-Report-July-2026.pdf,data/raw/NC/2026-09-03/b86edb68ec7433854657935a5b6441385f6b730dd93ea425cae99eb80da0474d_NCSLC-Sports-Betting-Revenue-Report-July-2026.pdf,Retained official reports parsed with state-specific field mappings and focused fixture checks. Representative validation does not prove full operator coverage or historical definition consistency. Definition validity across the whole stored history has not been inferred from this example.
NC,online_casino,none,no collected metric,Checked the official regulator reporting/FAQ source and linked reporting categories; no separate online casino revenue series identified. This does not establish current legal status.,not applicable,none identified,unknown,unknown,unknown,unknown,unknown,unknown,none,https://ncgaming.gov/reports/,unknown,No observations fabricated. Recheck the named official source for a product launch or separate public series; retain no zero observations.
ND,online_sports_betting,none,no collected metric,Attorney General gaming page explicitly prohibits online gaming except charitable raffles; tribal casino reporting is separate.,not applicable,none identified,unknown,unknown,not offered,unknown,unknown,unknown,none,https://attorneygeneral.nd.gov/licensing-and-gaming/gaming/,unknown,No observations fabricated. Recheck the named official source for a product launch or separate public series; retain no zero observations.
ND,online_casino,none,no collected metric,Attorney General gaming page explicitly prohibits online gaming except charitable raffles; tribal casino reporting is separate.,not applicable,none identified,unknown,unknown,not offered,unknown,unknown,unknown,none,https://attorneygeneral.nd.gov/licensing-and-gaming/gaming/,unknown,No observations fabricated. Recheck the named official source for a product launch or separate public series; retain no zero observations.
NE,online_sports_betting,none,no collected metric,NRGC sports-betting page explicitly says online/mobile sports wagering is not currently authorized. Racetrack retail reports are outside this series.,not applicable,none identified,unknown,unknown,retail only,unknown,unknown,unknown,none,https://nrgc.nebraska.gov/gaming/sports-betting,unknown,No observations fabricated. Recheck the named official source for a product launch or separate public series; retain no zero observations.
NE,online_casino,none,no collected metric,Checked the official regulator reporting/FAQ source and linked reporting categories; no separate online casino revenue series identified. This does not establish current legal status.,not applicable,none identified,unknown,unknown,unknown,unknown,unknown,unknown,none,https://nrgc.nebraska.gov/gaming/sports-betting,unknown,No observations fabricated. Recheck the named official source for a product launch or separate public series; retain no zero observations.
NH,online_sports_betting,handle,Mobile Handle,Reported wager volume for the selected online channel; not revenue.,USD,monthly,unknown,unknown; inspect the linked report and applicable footnotes before comparing periods or states,online,"official_statewide_total; operator identifiers are native reporting names, not a harmonized brand map",unknown,unknown,2026-07-01 to 2026-07-31,https://assets.ctfassets.net/1h4s33nxm7rw/M2seH9kPecdawUYgR9JX6/d144b1c100c61c5a2311ebd8ad46961c/Sports_Betting_Summary_FY27.pdf,data/raw/NH/2026-09-03/f372d38b010394f74f4f83df502db967b719c1729172dec7e7d0efeb475a978a_Sports_Betting_Summary_FY27.pdf,Retained official reports parsed with state-specific field mappings and focused fixture checks. Representative validation does not prove full operator coverage or historical definition consistency. Definition validity across the whole stored history has not been inferred from this example.
NH,online_sports_betting,gross_revenue,Mobile GGR,Native reported gaming win/receipts in this source. Detailed deduction and timing equivalence is not established merely by this storage name.,USD,monthly,unknown,unknown; inspect the linked report and applicable footnotes before comparing periods or states,online,"official_statewide_total; operator identifiers are native reporting names, not a harmonized brand map",unknown,unknown,2026-07-01 to 2026-07-31,https://assets.ctfassets.net/1h4s33nxm7rw/M2seH9kPecdawUYgR9JX6/d144b1c100c61c5a2311ebd8ad46961c/Sports_Betting_Summary_FY27.pdf,data/raw/NH/2026-09-03/f372d38b010394f74f4f83df502db967b719c1729172dec7e7d0efeb475a978a_Sports_Betting_Summary_FY27.pdf,Retained official reports parsed with state-specific field mappings and focused fixture checks. Representative validation does not prove full operator coverage or historical definition consistency. Definition validity across the whole stored history has not been inferred from this example.
NH,online_sports_betting,tax,Mobile State Revenue,"Printed Mobile State Revenue: lottery/state contractual revenue, not an assumed statutory tax receipt.",USD,monthly,unknown,unknown; inspect the linked report and applicable footnotes before comparing periods or states,online,"official_statewide_total; operator identifiers are native reporting names, not a harmonized brand map",unknown,unknown,2026-07-01 to 2026-07-31,https://assets.ctfassets.net/1h4s33nxm7rw/M2seH9kPecdawUYgR9JX6/d144b1c100c61c5a2311ebd8ad46961c/Sports_Betting_Summary_FY27.pdf,data/raw/NH/2026-09-03/f372d38b010394f74f4f83df502db967b719c1729172dec7e7d0efeb475a978a_Sports_Betting_Summary_FY27.pdf,Retained official reports parsed with state-specific field mappings and focused fixture checks. Representative validation does not prove full operator coverage or historical definition consistency. Definition validity across the whole stored history has not been inferred from this example.
NH,online_casino,none,no collected metric,Checked the official regulator reporting/FAQ source and linked reporting categories; no separate online casino revenue series identified. This does not establish current legal status.,not applicable,none identified,unknown,unknown,unknown,unknown,unknown,unknown,none,https://nhlottery.com/About-Us/Financial-Reports,unknown,No observations fabricated. Recheck the named official source for a product launch or separate public series; retain no zero observations.
NJ,online_sports_betting,gross_revenue,Monthly Internet Sports Wagering Gross Revenue / Internet Gaming Win,Native reported gaming win/receipts in this source. Detailed deduction and timing equivalence is not established merely by this storage name.,USD,monthly,unknown,unknown; inspect the linked report and applicable footnotes before comparing periods or states,online,"operator; operator identifiers are native reporting names, not a harmonized brand map",unknown,unknown,2026-07-01 to 2026-07-31,https://www.nj.gov/oag/ge/docs/Financials/SWRTaxReturns/2026/July2026.pdf,data/raw/NJ/2026-09-03/0ad99b946e4cde9687a50e6294db1908503ed96bdbb62f54a38de6bcdd415c05_July2026.pdf,Sports handle is missing. The 98 retained sports PDFs were replayed into staging using the repaired parser; missing tax/taxable cells remain missing. Original database keeps its older fields. Native reporting names are not a proven complete brand denominator. Definition validity across the whole stored history has not been inferred from this example.
NJ,online_sports_betting,tax,Tax,Reported tax/contribution or explicitly summed source tax lines; tax timing and coverage are source-specific.,USD,monthly,unknown,unknown; inspect the linked report and applicable footnotes before comparing periods or states,online,"operator; operator identifiers are native reporting names, not a harmonized brand map",unknown,unknown,2023-12-01 to 2023-12-31,https://www.nj.gov/oag/ge/docs/Financials/SWRTaxReturns/2023/December2023.pdf,data/raw/NJ/2026-09-03/83b59df15ab5d592070fcfc32570aedff6b3c8cef5e4cedfb1c1fd0f6b73cb51_December2023.pdf,Sports handle is missing. The 98 retained sports PDFs were replayed into staging using the repaired parser; missing tax/taxable cells remain missing. Original database keeps its older fields. Native reporting names are not a proven complete brand denominator. Definition validity across the whole stored history has not been inferred from this example.
NJ,online_casino,gross_revenue,Monthly Internet Sports Wagering Gross Revenue / Internet Gaming Win,Native reported gaming win/receipts in this source. Detailed deduction and timing equivalence is not established merely by this storage name.,USD,monthly,unknown,unknown; inspect the linked report and applicable footnotes before comparing periods or states,online,"operator; operator identifiers are native reporting names, not a harmonized brand map",unknown,unknown,2026-07-01 to 2026-07-31,https://www.nj.gov/oag/ge/docs/Financials/IGRTaxReturns/2026/July2026.pdf,data/raw/NJ/2026-09-03/c95b48f15f3119d1308eced755560c612ec0c704e25eb77eb131a1d7bdb36003_July2026.pdf,Sports handle is missing. The 98 retained sports PDFs were replayed into staging using the repaired parser; missing tax/taxable cells remain missing. Original database keeps its older fields. Native reporting names are not a proven complete brand denominator. Definition validity across the whole stored history has not been inferred from this example.
NJ,online_casino,tax,Tax,Reported tax/contribution or explicitly summed source tax lines; tax timing and coverage are source-specific.,USD,monthly,unknown,unknown; inspect the linked report and applicable footnotes before comparing periods or states,online,"operator; operator identifiers are native reporting names, not a harmonized brand map",unknown,unknown,2026-07-01 to 2026-07-31,https://www.nj.gov/oag/ge/docs/Financials/IGRTaxReturns/2026/July2026.pdf,data/raw/NJ/2026-09-03/c95b48f15f3119d1308eced755560c612ec0c704e25eb77eb131a1d7bdb36003_July2026.pdf,Sports handle is missing. The 98 retained sports PDFs were replayed into staging using the repaired parser; missing tax/taxable cells remain missing. Original database keeps its older fields. Native reporting names are not a proven complete brand denominator. Definition validity across the whole stored history has not been inferred from this example.
NM,online_sports_betting,none,no collected metric,Reviewed Gaming Control Board FAQs and licensure pages; reported tribal/track activity does not establish statewide online coverage. No separately reported online series found.,not applicable,none identified,unknown,unknown,unknown,unknown,unknown,unknown,none,https://www.gcb.nm.gov/2021/01/18/what-types-of-games-and-activities-are-prohibited-by-law/,unknown,No observations fabricated. Recheck the named official source for a product launch or separate public series; retain no zero observations.
NM,online_casino,none,no collected metric,Reviewed Gaming Control Board FAQs and licensure pages; reported tribal/track activity does not establish statewide online coverage. No separately reported online series found.,not applicable,none identified,unknown,unknown,unknown,unknown,unknown,unknown,none,https://www.gcb.nm.gov/2021/01/18/what-types-of-games-and-activities-are-prohibited-by-law/,unknown,No observations fabricated. Recheck the named official source for a product launch or separate public series; retain no zero observations.
NV,online_sports_betting,gross_revenue,Sports - Mobile: Win Amount,Current-month mobile sports win from the statewide all-nonrestricted-locations page. Source reports thousands of dollars; storage multiplies by 1000.,USD; source thousands converted to dollars,monthly,unknown,"Promotion, futures and cash/settlement treatment require the applicable gaming reporting rules; the mobile detail alone does not establish full timing equivalence.",online,"official_statewide_total; operator identifiers are native reporting names, not a harmonized brand map",unknown,unknown,2026-07-01 to 2026-07-31,https://www.gaming.nv.gov/siteassets/content/about/gaming-revenue/monthly-revenue-report---july-2026.pdf,data\raw\NV\2026-09-05\89c35393a6a107a713ad2f6a5c60064c7009fc05e61e84c613a5028fda396632_monthly-revenue-report---july-2026.pdf,Mobile-only win starts January 2020 in this archive. April/May 2020 sports rows are visibly suppressed in the official PDFs. June/July 2025 are hash-bound visual transcriptions. Handle cannot be recovered from rounded hold. Definition validity across the whole stored history has not been inferred from this example.
NV,online_casino,none,no collected metric,The published GRI reports card-game revenue without an online-only poker split. Interactive gaming is not a broad online slots/table-game series. No public online casino denominator is established.,not applicable,none identified,unknown,unknown,interactive poker / land-based card games not isolated,unknown,unknown,unknown,none,https://www.gaming.nv.gov/about-us/gaming-revenue-information-gri/,unknown,No observations fabricated. Require a separately published interactive-game revenue figure; do not use the combined Card Games line.
NY,online_sports_betting,handle,Handle,Reported wager volume for the selected online channel; not revenue.,USD,weekly,cash,Weekly cash-basis receipts and payouts; no conversion to accrual or reconstruction of monthly values.,online,"official_statewide_total;operator; operator identifiers are native reporting names, not a harmonized brand map",unknown,unknown,2026-08-17 to 2026-08-23,https://gaming.ny.gov/system/files/documents/2026/08/weekly-mobile-sports-wagering-report-caesars_2.xlsx,data/raw/NY/2026-09-03/e7c04fd0d77e272c343d3e1c1c7e2c863ae67f7f1e2caef345c201ba0c807fb7_ny_caesars-sport-book_sports_wagering_weekly.xlsx,Weekly cash-basis mobile handle/GGR; overlapping month boundaries are not allocated into calendar months. Definition validity across the whole stored history has not been inferred from this example.
NY,online_sports_betting,gross_revenue,GGR,Native reported gaming win/receipts in this source. Detailed deduction and timing equivalence is not established merely by this storage name.,USD,weekly,cash,Weekly cash-basis receipts and payouts; no conversion to accrual or reconstruction of monthly values.,online,"official_statewide_total;operator; operator identifiers are native reporting names, not a harmonized brand map",unknown,unknown,2026-08-17 to 2026-08-23,https://gaming.ny.gov/system/files/documents/2026/08/weekly-mobile-sports-wagering-report-caesars_2.xlsx,data/raw/NY/2026-09-03/e7c04fd0d77e272c343d3e1c1c7e2c863ae67f7f1e2caef345c201ba0c807fb7_ny_caesars-sport-book_sports_wagering_weekly.xlsx,Weekly cash-basis mobile handle/GGR; overlapping month boundaries are not allocated into calendar months. Definition validity across the whole stored history has not been inferred from this example.
NY,online_casino,none,no collected metric,Checked the official regulator reporting/FAQ source and linked reporting categories; no separate online casino revenue series identified. This does not establish current legal status.,not applicable,none identified,unknown,unknown,unknown,unknown,unknown,unknown,none,https://gaming.ny.gov/revenue-reports,unknown,No observations fabricated. Recheck the named official source for a product launch or separate public series; retain no zero observations.
OH,online_sports_betting,handle,Gross Receipts,Reported wager volume for the selected online channel; not revenue.,USD,monthly,unknown,unknown; inspect the linked report and applicable footnotes before comparing periods or states,online,"official_statewide_total;operator; operator identifiers are native reporting names, not a harmonized brand map",unknown,unknown,2026-07-01 to 2026-07-31,https://dam.assets.ohio.gov/raw/upload/v1788191557/casinocontrol.ohio.gov/revenue-reports/2026/Sports/2026_Sports_Gaming_Revenue_Report07.xlsx,data/raw/OH/2026-09-03/e2b9f8369dd068f628902fe139659e024b65ea0a9de46f38d04232e74525508a_2026_Sports_Gaming_Revenue_Report07.xlsx,Retained official reports parsed with state-specific field mappings and focused fixture checks. Representative validation does not prove full operator coverage or historical definition consistency. Definition validity across the whole stored history has not been inferred from this example.
OH,online_sports_betting,gross_revenue,Revenue,Reported Revenue: total gross receipts less cash/cash-equivalent winnings and voided wagers in the inspected 2023-2026 reports. Those notes allow future promotional deductions beginning in 2027; recheck the mapping before ingesting that regime.,USD,monthly,unknown,unknown; inspect the linked report and applicable footnotes before comparing periods or states,online,"official_statewide_total;operator; operator identifiers are native reporting names, not a harmonized brand map",unknown,unknown,2026-07-01 to 2026-07-31,https://dam.assets.ohio.gov/raw/upload/v1788191557/casinocontrol.ohio.gov/revenue-reports/2026/Sports/2026_Sports_Gaming_Revenue_Report07.xlsx,data/raw/OH/2026-09-03/e2b9f8369dd068f628902fe139659e024b65ea0a9de46f38d04232e74525508a_2026_Sports_Gaming_Revenue_Report07.xlsx,Retained official reports parsed with state-specific field mappings and focused fixture checks. Representative validation does not prove full operator coverage or historical definition consistency. Definition validity across the whole stored history has not been inferred from this example.
OH,online_sports_betting,taxable_revenue,Taxable Revenue,Reported tax-base revenue after permitted adjustments; not gross win or a tax payment.,USD,monthly,unknown,unknown; inspect the linked report and applicable footnotes before comparing periods or states,online,"official_statewide_total;operator; operator identifiers are native reporting names, not a harmonized brand map",unknown,unknown,2026-07-01 to 2026-07-31,https://dam.assets.ohio.gov/raw/upload/v1788191557/casinocontrol.ohio.gov/revenue-reports/2026/Sports/2026_Sports_Gaming_Revenue_Report07.xlsx,data/raw/OH/2026-09-03/e2b9f8369dd068f628902fe139659e024b65ea0a9de46f38d04232e74525508a_2026_Sports_Gaming_Revenue_Report07.xlsx,Retained official reports parsed with state-specific field mappings and focused fixture checks. Representative validation does not prove full operator coverage or historical definition consistency. Definition validity across the whole stored history has not been inferred from this example.
OH,online_casino,none,no collected metric,Checked the official regulator reporting/FAQ source and linked reporting categories; no separate online casino revenue series identified. This does not establish current legal status.,not applicable,none identified,unknown,unknown,unknown,unknown,unknown,unknown,none,https://casinocontrol.ohio.gov/,unknown,No observations fabricated. Recheck the named official source for a product launch or separate public series; retain no zero observations.
OK,online_sports_betting,none,no collected metric,"Official Oklahoma City police FAQ says sports betting is not authorized; direct access returned 403, with the official indexed page still readable. No online casino operating series identified.",not applicable,none identified,unknown,unknown,unknown,unknown,unknown,unknown,none,https://www.okc.gov/Services/Public-Safety/Police/Investigative-Units/Special-Operations,unknown,No observations fabricated. Recheck the named official source for a product launch or separate public series; retain no zero observations.
OK,online_casino,none,no collected metric,"Official Oklahoma City police FAQ says sports betting is not authorized; direct access returned 403, with the official indexed page still readable. No online casino operating series identified.",not applicable,none identified,unknown,unknown,unknown,unknown,unknown,unknown,none,https://www.okc.gov/Services/Public-Safety/Police/Investigative-Units/Special-Operations,unknown,No observations fabricated. Recheck the named official source for a product launch or separate public series; retain no zero observations.
OR,online_sports_betting,handle,Sports Wagering (Gross Receipts),Reported wager volume for the selected online channel; not revenue.,USD,monthly,unknown,Printed prizes are subtracted before operating expenses. Detailed promotion/futures treatment remains unknown from the statement.,online,"official_statewide_total; operator identifiers are native reporting names, not a harmonized brand map",unknown,unknown,2026-07-01 to 2026-07-31,https://www.oregonlottery.org/wp-content/uploads/2026/08/Commission-August-2026-Draft-financial-statements-July-2026.pdf,data\raw\OR\2026-09-05\50f1aa8042770b04c7412870f92820c3f4c573a27b6e9f871265730a9d3f27ac_Commission-August-2026-Draft-financial-statements-July-2026.pdf,Public commission archive is rolling; currently retained monthly statements start July 2025. Older meeting materials require a public-records request. Draft/approved copies retained; any financial disagreement remains a conflict. Non-GAAP; annual reports not disaggregated into months. Definition validity across the whole stored history has not been inferred from this example.
OR,online_sports_betting,gross_revenue,Net Revenue - Sports,"Sports gross receipts less sports prizes, before commissions and other operating expenses. The statement calls this Net Revenue; it is not bottom-line lottery income.",USD,monthly,unknown,Printed prizes are subtracted before operating expenses. Detailed promotion/futures treatment remains unknown from the statement.,online,"official_statewide_total; operator identifiers are native reporting names, not a harmonized brand map",unknown,unknown,2026-07-01 to 2026-07-31,https://www.oregonlottery.org/wp-content/uploads/2026/08/Commission-August-2026-Draft-financial-statements-July-2026.pdf,data\raw\OR\2026-09-05\50f1aa8042770b04c7412870f92820c3f4c573a27b6e9f871265730a9d3f27ac_Commission-August-2026-Draft-financial-statements-July-2026.pdf,Public commission archive is rolling; currently retained monthly statements start July 2025. Older meeting materials require a public-records request. Draft/approved copies retained; any financial disagreement remains a conflict. Non-GAAP; annual reports not disaggregated into months. Definition validity across the whole stored history has not been inferred from this example.
OR,online_casino,none,no collected metric,Checked the official regulator reporting/FAQ source and linked reporting categories; no separate online casino revenue series identified. This does not establish current legal status.,not applicable,none identified,unknown,unknown,unknown,unknown,unknown,unknown,none,https://www.oregonlottery.org/about/how-we-operate/commission-and-director-info/,unknown,No observations fabricated. Recheck the named official source for a product launch or separate public series; retain no zero observations.
PA,online_sports_betting,handle,Handle* (sports) / Wagers Received (casino),Reported wager volume for the selected online channel; not revenue.,USD,monthly,unknown,Sports Promotional Credits separate Revenue from Gross Revenue (Taxable). Casino product bases differ; poker volume is not included in slot/table wagers.,online,"official_statewide_total;operator; operator identifiers are native reporting names, not a harmonized brand map",unknown,unknown,2026-07-01 to 2026-07-31,https://gamingcontrolboard.pa.gov/sites/default/files/2026-08/FY26-27%20Monthly%20Sports%20Wagering%20Report%20Summary.xlsx,data/raw/PA/2026-09-03/56121e3d1f99813dc6ba40829f5a3945e9e214eba8ea85382d4d5b94f0a55040_FY26-27_20Monthly_20Sports_20Wagering_20Report_20Summary.xlsx,Staging replays original sports workbooks and now retains printed Revenue as GGR alongside Gross Revenue (Taxable). Casino handle covers slot/table wagers but excludes poker rake volume; do not calculate blended casino hold. Definition validity across the whole stored history has not been inferred from this example.
PA,online_sports_betting,gross_revenue,Revenue (sports) / Gross Revenue (casino),Sports: printed Revenue before Promotional Credits; Taxable Gross Revenue is retained separately. Casino: sum of printed slot/table gross revenue and poker rake/tournament fees.,USD,monthly,unknown,Sports Promotional Credits separate Revenue from Gross Revenue (Taxable). Casino product bases differ; poker volume is not included in slot/table wagers.,online,"official_statewide_total;operator; operator identifiers are native reporting names, not a harmonized brand map",unknown,unknown,2026-07-01 to 2026-07-31,https://gamingcontrolboard.pa.gov/sites/default/files/2026-08/FY26-27%20Monthly%20Sports%20Wagering%20Report%20Summary.xlsx,data/raw/PA/2026-09-03/56121e3d1f99813dc6ba40829f5a3945e9e214eba8ea85382d4d5b94f0a55040_FY26-27_20Monthly_20Sports_20Wagering_20Report_20Summary.xlsx,Staging replays original sports workbooks and now retains printed Revenue as GGR alongside Gross Revenue (Taxable). Casino handle covers slot/table wagers but excludes poker rake volume; do not calculate blended casino hold. Definition validity across the whole stored history has not been inferred from this example.
PA,online_sports_betting,taxable_revenue,Gross Revenue (Taxable),Reported tax-base revenue after permitted adjustments; not gross win or a tax payment.,USD,monthly,unknown,Sports Promotional Credits separate Revenue from Gross Revenue (Taxable). Casino product bases differ; poker volume is not included in slot/table wagers.,online,"official_statewide_total;operator; operator identifiers are native reporting names, not a harmonized brand map",unknown,unknown,2026-07-01 to 2026-07-31,https://gamingcontrolboard.pa.gov/sites/default/files/2026-08/FY26-27%20Monthly%20Sports%20Wagering%20Report%20Summary.xlsx,data/raw/PA/2026-09-03/56121e3d1f99813dc6ba40829f5a3945e9e214eba8ea85382d4d5b94f0a55040_FY26-27_20Monthly_20Sports_20Wagering_20Report_20Summary.xlsx,Staging replays original sports workbooks and now retains printed Revenue as GGR alongside Gross Revenue (Taxable). Casino handle covers slot/table wagers but excludes poker rake volume; do not calculate blended casino hold. Definition validity across the whole stored history has not been inferred from this example.
PA,online_sports_betting,tax,State Tax + Local Share Assessment (sports); reported product tax lines (casino),Reported tax/contribution or explicitly summed source tax lines; tax timing and coverage are source-specific.,USD,monthly,unknown,Sports Promotional Credits separate Revenue from Gross Revenue (Taxable). Casino product bases differ; poker volume is not included in slot/table wagers.,online,"official_statewide_total;operator; operator identifiers are native reporting names, not a harmonized brand map",unknown,unknown,2026-07-01 to 2026-07-31,https://gamingcontrolboard.pa.gov/sites/default/files/2026-08/FY26-27%20Monthly%20Sports%20Wagering%20Report%20Summary.xlsx,data/raw/PA/2026-09-03/56121e3d1f99813dc6ba40829f5a3945e9e214eba8ea85382d4d5b94f0a55040_FY26-27_20Monthly_20Sports_20Wagering_20Report_20Summary.xlsx,Staging replays original sports workbooks and now retains printed Revenue as GGR alongside Gross Revenue (Taxable). Casino handle covers slot/table wagers but excludes poker rake volume; do not calculate blended casino hold. Definition validity across the whole stored history has not been inferred from this example.
PA,online_casino,handle,Handle* (sports) / Wagers Received (casino),Reported wager volume for the selected online channel; not revenue.,USD,monthly,unknown,Sports Promotional Credits separate Revenue from Gross Revenue (Taxable). Casino product bases differ; poker volume is not included in slot/table wagers.,online,"official_statewide_total;operator; operator identifiers are native reporting names, not a harmonized brand map",unknown,unknown,2026-07-01 to 2026-07-31,https://gamingcontrolboard.pa.gov/sites/default/files/2026-08/FY26-27%20Monthly%20Interactive%20Gaming%20Report%20Summary.xlsx,data/raw/PA/2026-09-03/1dc3c9153be6ea3ae41f6610a84ab174bc809505005fc289bf4420230d600d01_FY26-27_20Monthly_20Interactive_20Gaming_20Report_20Summary.xlsx,Staging replays original sports workbooks and now retains printed Revenue as GGR alongside Gross Revenue (Taxable). Casino handle covers slot/table wagers but excludes poker rake volume; do not calculate blended casino hold. Definition validity across the whole stored history has not been inferred from this example.
PA,online_casino,gross_revenue,Revenue (sports) / Gross Revenue (casino),Sports: printed Revenue before Promotional Credits; Taxable Gross Revenue is retained separately. Casino: sum of printed slot/table gross revenue and poker rake/tournament fees.,USD,monthly,unknown,Sports Promotional Credits separate Revenue from Gross Revenue (Taxable). Casino product bases differ; poker volume is not included in slot/table wagers.,online,"official_statewide_total;operator; operator identifiers are native reporting names, not a harmonized brand map",unknown,unknown,2026-07-01 to 2026-07-31,https://gamingcontrolboard.pa.gov/sites/default/files/2026-08/FY26-27%20Monthly%20Interactive%20Gaming%20Report%20Summary.xlsx,data/raw/PA/2026-09-03/1dc3c9153be6ea3ae41f6610a84ab174bc809505005fc289bf4420230d600d01_FY26-27_20Monthly_20Interactive_20Gaming_20Report_20Summary.xlsx,Staging replays original sports workbooks and now retains printed Revenue as GGR alongside Gross Revenue (Taxable). Casino handle covers slot/table wagers but excludes poker rake volume; do not calculate blended casino hold. Definition validity across the whole stored history has not been inferred from this example.
PA,online_casino,tax,State Tax + Local Share Assessment (sports); reported product tax lines (casino),Reported tax/contribution or explicitly summed source tax lines; tax timing and coverage are source-specific.,USD,monthly,unknown,Sports Promotional Credits separate Revenue from Gross Revenue (Taxable). Casino product bases differ; poker volume is not included in slot/table wagers.,online,"official_statewide_total;operator; operator identifiers are native reporting names, not a harmonized brand map",unknown,unknown,2026-07-01 to 2026-07-31,https://gamingcontrolboard.pa.gov/sites/default/files/2026-08/FY26-27%20Monthly%20Interactive%20Gaming%20Report%20Summary.xlsx,data/raw/PA/2026-09-03/1dc3c9153be6ea3ae41f6610a84ab174bc809505005fc289bf4420230d600d01_FY26-27_20Monthly_20Interactive_20Gaming_20Report_20Summary.xlsx,Staging replays original sports workbooks and now retains printed Revenue as GGR alongside Gross Revenue (Taxable). Casino handle covers slot/table wagers but excludes poker rake volume; do not calculate blended casino hold. Definition validity across the whole stored history has not been inferred from this example.
RI,online_sports_betting,handle,Handle (sports) / Wagers (casino),Reported wager volume for the selected online channel; not revenue.,USD,monthly,accrual,The source explicitly states accrual and unaudited/unadjusted. Detailed promotion treatment is not established by the summary alone.,online,"official_statewide_total; operator identifiers are native reporting names, not a harmonized brand map",unknown,unknown,2026-07-01 to 2026-07-31,https://www.rilot.com/content/dam/interactive/ilottery/pdfs/financial/SportsbookSummaryFY2027.pdf,data\raw\RI\2026-09-05\8a2c264c576ad4b58d58f468a1b50f27d0bc62ef09b17b3b9137b5cecbb36b5a_SportsbookSummaryFY2027.pdf,Retained official reports parsed with state-specific field mappings and focused fixture checks. Representative validation does not prove full operator coverage or historical definition consistency. Definition validity across the whole stored history has not been inferred from this example.
RI,online_sports_betting,gross_revenue,Book Revenue (sports) / Net Gaming Revenue (casino),"Reported sports Book Revenue or combined iSlots/iTables NGR: wagers less prizes on the explicitly labeled accrual basis, before other expenses.",USD,monthly,accrual,The source explicitly states accrual and unaudited/unadjusted. Detailed promotion treatment is not established by the summary alone.,online,"official_statewide_total; operator identifiers are native reporting names, not a harmonized brand map",unknown,unknown,2026-07-01 to 2026-07-31,https://www.rilot.com/content/dam/interactive/ilottery/pdfs/financial/SportsbookSummaryFY2027.pdf,data\raw\RI\2026-09-05\8a2c264c576ad4b58d58f468a1b50f27d0bc62ef09b17b3b9137b5cecbb36b5a_SportsbookSummaryFY2027.pdf,Retained official reports parsed with state-specific field mappings and focused fixture checks. Representative validation does not prove full operator coverage or historical definition consistency. Definition validity across the whole stored history has not been inferred from this example.
RI,online_casino,handle,Handle (sports) / Wagers (casino),Reported wager volume for the selected online channel; not revenue.,USD,monthly,accrual,The source explicitly states accrual and unaudited/unadjusted. Detailed promotion treatment is not established by the summary alone.,online,"official_statewide_total; operator identifiers are native reporting names, not a harmonized brand map",unknown,unknown,2026-07-01 to 2026-07-31,https://www.rilot.com/content/dam/interactive/ilottery/pdfs/financial/iGamingWebsiteDataFY2027.pdf,data\raw\RI\2026-09-05\8937f4994a6af9fb3ce447bf07c18f60bb92862c8707bc18a92cde9d8bb1cfb3_iGamingWebsiteDataFY2027.pdf,Retained official reports parsed with state-specific field mappings and focused fixture checks. Representative validation does not prove full operator coverage or historical definition consistency. Definition validity across the whole stored history has not been inferred from this example.
RI,online_casino,gross_revenue,Book Revenue (sports) / Net Gaming Revenue (casino),"Reported sports Book Revenue or combined iSlots/iTables NGR: wagers less prizes on the explicitly labeled accrual basis, before other expenses.",USD,monthly,accrual,The source explicitly states accrual and unaudited/unadjusted. Detailed promotion treatment is not established by the summary alone.,online,"official_statewide_total; operator identifiers are native reporting names, not a harmonized brand map",unknown,unknown,2026-07-01 to 2026-07-31,https://www.rilot.com/content/dam/interactive/ilottery/pdfs/financial/iGamingWebsiteDataFY2027.pdf,data\raw\RI\2026-09-05\8937f4994a6af9fb3ce447bf07c18f60bb92862c8707bc18a92cde9d8bb1cfb3_iGamingWebsiteDataFY2027.pdf,Retained official reports parsed with state-specific field mappings and focused fixture checks. Representative validation does not prove full operator coverage or historical definition consistency. Definition validity across the whole stored history has not been inferred from this example.
SC,online_sports_betting,none,no collected metric,Reviewed SLED gambling guidance and the cited state gambling-code source. No official online sportsbook/casino operating revenue archive found.,not applicable,none identified,unknown,unknown,unknown,unknown,unknown,unknown,none,https://www.sled.sc.gov/index.php/departments/narcotics-alcohol-vice-special-operations-and-investigations,unknown,No observations fabricated. Recheck the named official source for a product launch or separate public series; retain no zero observations.
SC,online_casino,none,no collected metric,Reviewed SLED gambling guidance and the cited state gambling-code source. No official online sportsbook/casino operating revenue archive found.,not applicable,none identified,unknown,unknown,unknown,unknown,unknown,unknown,none,https://www.sled.sc.gov/index.php/departments/narcotics-alcohol-vice-special-operations-and-investigations,unknown,No observations fabricated. Recheck the named official source for a product launch or separate public series; retain no zero observations.
SD,online_sports_betting,none,no collected metric,Department of Revenue explicitly says online casino-style games and online sports wagering are unauthorized; retail Deadwood activity is excluded.,not applicable,none identified,unknown,unknown,not offered,unknown,unknown,unknown,none,https://dor.sd.gov/newsroom/beware-of-fraudulent-online-casinos/,unknown,No observations fabricated. Recheck the named official source for a product launch or separate public series; retain no zero observations.
SD,online_casino,none,no collected metric,Department of Revenue explicitly says online casino-style games and online sports wagering are unauthorized; retail Deadwood activity is excluded.,not applicable,none identified,unknown,unknown,not offered,unknown,unknown,unknown,none,https://dor.sd.gov/newsroom/beware-of-fraudulent-online-casinos/,unknown,No observations fabricated. Recheck the named official source for a product launch or separate public series; retain no zero observations.
TN,online_sports_betting,handle,Gross Handle,Reported wager volume for the selected online channel; not revenue.,USD,monthly,unknown,"Handle and privilege tax only; do not estimate a missing GGR, hold or promotion deduction.",online,"official_statewide_total; operator identifiers are native reporting names, not a harmonized brand map",unknown,unknown,2026-07-01 to 2026-07-31,https://www.tn.gov/swac/reports,data/raw/TN/2026-09-03/c9b72aefbf5190e75bc6248ba4d0ce1c8e905b30dd128aef2293d23290960af4_Monthly_Report_for_SWC-July2026_UA_.csv,"Current series is handle and privilege tax, not GGR. Do not backsolve revenue from tax. Earlier tax regimes are not mixed into this metric series. Definition validity across the whole stored history has not been inferred from this example."
TN,online_sports_betting,tax,Privilege Tax Assessed,Reported privilege tax assessed on the current handle-based series. It does not provide GGR or a reliable revenue backsolve.,USD,monthly,unknown,"Handle and privilege tax only; do not estimate a missing GGR, hold or promotion deduction.",online,"official_statewide_total; operator identifiers are native reporting names, not a harmonized brand map",unknown,unknown,2026-07-01 to 2026-07-31,https://www.tn.gov/swac/reports,data/raw/TN/2026-09-03/c9b72aefbf5190e75bc6248ba4d0ce1c8e905b30dd128aef2293d23290960af4_Monthly_Report_for_SWC-July2026_UA_.csv,"Current series is handle and privilege tax, not GGR. Do not backsolve revenue from tax. Earlier tax regimes are not mixed into this metric series. Definition validity across the whole stored history has not been inferred from this example."
TN,online_casino,none,no collected metric,Checked the official regulator reporting/FAQ source and linked reporting categories; no separate online casino revenue series identified. This does not establish current legal status.,not applicable,none identified,unknown,unknown,unknown,unknown,unknown,unknown,none,https://www.tn.gov/swac/reports,unknown,No observations fabricated. Recheck the named official source for a product launch or separate public series; retain no zero observations.
TX,online_sports_betting,none,no collected metric,Texas State Law Library sports-gambling guide explicitly states that online sports betting remains illegal; no regulated operating series.,not applicable,none identified,unknown,unknown,not offered,unknown,unknown,unknown,none,https://guides.sll.texas.gov/gambling/sports-gambling,unknown,No observations fabricated. Recheck the named official source for a product launch or separate public series; retain no zero observations.
TX,online_casino,none,no collected metric,Checked the official regulator reporting/FAQ source and linked reporting categories; no separate online casino revenue series identified. This does not establish current legal status.,not applicable,none identified,unknown,unknown,unknown,unknown,unknown,unknown,none,https://guides.sll.texas.gov/gambling/sports-gambling,unknown,No observations fabricated. Recheck the named official source for a product launch or separate public series; retain no zero observations.
UT,online_sports_betting,none,no collected metric,Reviewed official gambling-code material. The retained section is marked renumbered in 2025; do not treat that historical section alone as current law. No operating revenue archive found.,not applicable,none identified,unknown,unknown,unknown,unknown,unknown,unknown,none,https://le.utah.gov/xcode/Title76/Chapter10/C76-10-S1102_2020032820200328.pdf,unknown,No observations fabricated. Recheck the named official source for a product launch or separate public series; retain no zero observations.
UT,online_casino,none,no collected metric,Reviewed official gambling-code material. The retained section is marked renumbered in 2025; do not treat that historical section alone as current law. No operating revenue archive found.,not applicable,none identified,unknown,unknown,unknown,unknown,unknown,unknown,none,https://le.utah.gov/xcode/Title76/Chapter10/C76-10-S1102_2020032820200328.pdf,unknown,No observations fabricated. Recheck the named official source for a product launch or separate public series; retain no zero observations.
VA,online_sports_betting,none,no collected metric,Lottery release archive and legislative report RD532 were inspected. July 2026 totals cover 11 mobile and 3 land-based sportsbooks together; no separate online AGR/tax table found. News pages load release bodies through JavaScript.,not applicable,monthly,unknown,unknown,online and retail combined,unknown,unknown,unknown,none,https://www.valottery.com/aboutus/casinosandsportsbetting/sportsbetting,unknown,No observations fabricated. Find a regulator mobile-only breakdown; retain combined values outside online comparisons. Evidence: https://rga.lis.virginia.gov/Published/2026/RD532/PDF
VA,online_casino,none,no collected metric,Checked the official regulator reporting/FAQ source and linked reporting categories; no separate online casino revenue series identified. This does not establish current legal status.,not applicable,none identified,unknown,unknown,unknown,unknown,unknown,unknown,none,https://www.valottery.com/aboutus/casinosandsportsbetting/sportsbetting,unknown,No observations fabricated. Recheck the named official source for a product launch or separate public series; retain no zero observations.
VT,online_sports_betting,handle,Total Handle Receipts,Reported wager volume for the selected online channel; not revenue.,USD,monthly,unknown,"Combined Resettlements, Voids, Tax, Promo deduction is printed; individual components cannot be separated from this summary.",online,"official_statewide_total; operator identifiers are native reporting names, not a harmonized brand map",unknown,unknown,2026-07-01 to 2026-07-31,https://liquorandlottery.vermont.gov/sites/liqlot/files/documents/SW_Exec_Sum_Rpt_July_2026.pdf,data\raw\VT\2026-09-05\633cac05c441f62c84ecdd2116f2944401a85e55e627715480ded839f03f6254_SW_Exec_Sum_Rpt_July_2026.pdf,"Monthly source reports January 2024 onward; two broken-font reports use hash-bound transcriptions. Revenue share is contractual, not a uniform statutory tax. Definition validity across the whole stored history has not been inferred from this example."
VT,online_sports_betting,adjusted_revenue,Adjusted Gross Sports Wagering Revenue,Reported adjusted revenue after state-defined adjustments; not a substitute for gross gaming win.,USD,monthly,unknown,"Combined Resettlements, Voids, Tax, Promo deduction is printed; individual components cannot be separated from this summary.",online,"official_statewide_total; operator identifiers are native reporting names, not a harmonized brand map",unknown,unknown,2026-07-01 to 2026-07-31,https://liquorandlottery.vermont.gov/sites/liqlot/files/documents/SW_Exec_Sum_Rpt_July_2026.pdf,data\raw\VT\2026-09-05\633cac05c441f62c84ecdd2116f2944401a85e55e627715480ded839f03f6254_SW_Exec_Sum_Rpt_July_2026.pdf,"Monthly source reports January 2024 onward; two broken-font reports use hash-bound transcriptions. Revenue share is contractual, not a uniform statutory tax. Definition validity across the whole stored history has not been inferred from this example."
VT,online_sports_betting,tax,Vermont Revenue Share,Contractual Vermont Revenue Share printed in the report. Stored in the existing tax column for compatibility; do not aggregate as if all states report statutory taxes.,USD,monthly,unknown,"Combined Resettlements, Voids, Tax, Promo deduction is printed; individual components cannot be separated from this summary.",online,"official_statewide_total; operator identifiers are native reporting names, not a harmonized brand map",unknown,unknown,2026-07-01 to 2026-07-31,https://liquorandlottery.vermont.gov/sites/liqlot/files/documents/SW_Exec_Sum_Rpt_July_2026.pdf,data\raw\VT\2026-09-05\633cac05c441f62c84ecdd2116f2944401a85e55e627715480ded839f03f6254_SW_Exec_Sum_Rpt_July_2026.pdf,"Monthly source reports January 2024 onward; two broken-font reports use hash-bound transcriptions. Revenue share is contractual, not a uniform statutory tax. Definition validity across the whole stored history has not been inferred from this example."
VT,online_casino,none,no collected metric,Checked the official regulator reporting/FAQ source and linked reporting categories; no separate online casino revenue series identified. This does not establish current legal status.,not applicable,none identified,unknown,unknown,unknown,unknown,unknown,unknown,none,https://liquorandlottery.vermont.gov/monthly-reports,unknown,No observations fabricated. Recheck the named official source for a product launch or separate public series; retain no zero observations.
WA,online_sports_betting,none,no collected metric,WSGC requires mobile sports wagers to be geofenced to tribal casino premises. No separately published mobile-only revenue series identified.,not applicable,none identified,unknown,unknown,location based mobile / retail,unknown,unknown,unknown,none,https://wsgc.wa.gov/tribal-partnerships/sports-wagering/sports-wagering-requirements-and-rules,unknown,No observations fabricated. Keep location-based activity separate from statewide online. Use separately identified mobile values only if an official report supplies them.
WA,online_casino,none,no collected metric,Checked the official regulator reporting/FAQ source and linked reporting categories; no separate online casino revenue series identified. This does not establish current legal status.,not applicable,none identified,unknown,unknown,unknown,unknown,unknown,unknown,none,https://wsgc.wa.gov/tribal-partnerships/sports-wagering/sports-wagering-requirements-and-rules,unknown,No observations fabricated. Recheck the named official source for a product launch or separate public series; retain no zero observations.
WI,online_sports_betting,none,no collected metric,DOA FAQ describes tribal reservation/facility sports wagering; Act 247 enables further compact work. No statewide online operating series or confirmed launch report found. Do not infer a launch from passage of the Act.,not applicable,none identified,unknown,unknown,location based mobile / retail,unknown,unknown,unknown,none,https://doa.wi.gov/Pages/AboutDOA/Frequently-Asked-Questions.aspx,unknown,No observations fabricated. Keep location-based activity separate from statewide online. Use separately identified mobile values only if an official report supplies them.
WI,online_casino,none,no collected metric,DOA FAQ describes tribal reservation/facility sports wagering; Act 247 enables further compact work. No statewide online operating series or confirmed launch report found. Do not infer a launch from passage of the Act.,not applicable,none identified,unknown,unknown,unknown,unknown,unknown,unknown,none,https://doa.wi.gov/Pages/AboutDOA/Frequently-Asked-Questions.aspx,unknown,No observations fabricated. Recheck the named official source for a product launch or separate public series; retain no zero observations.
WV,online_sports_betting,handle,Total Handle (sports) / Wagers (casino),Reported wager volume for the selected online channel; not revenue.,USD,weekly,unknown,unknown; inspect the linked report and applicable footnotes before comparing periods or states,online,"official_statewide_total;operator; operator identifiers are native reporting names, not a harmonized brand map",unknown,unknown,2026-08-16 to 2026-08-22,https://assets.ctfassets.net/nm98451qj5dg/4L2FOWsQNspNvc7sfCNAPi/a212e0bc7085a1fbbfa2806160aa6102/Sports_Wagering.zip,data/raw/WV/2026-09-03/6db138da5370ba2db2edb15f44975bbf993dedc9bfac800f473ddcdc90af46a8_27FY_Sports_Wagering_Weekly_Summary.xlsx,Weekly periods remain as reported. Casino Revenue and sports Total Taxable Receipts are different metrics. Do not allocate weeks across calendar months. Definition validity across the whole stored history has not been inferred from this example.
WV,online_sports_betting,taxable_revenue,Total Taxable Receipts (sports),Reported tax-base revenue after permitted adjustments; not gross win or a tax payment.,USD,weekly,unknown,unknown; inspect the linked report and applicable footnotes before comparing periods or states,online,"official_statewide_total;operator; operator identifiers are native reporting names, not a harmonized brand map",unknown,unknown,2026-08-16 to 2026-08-22,https://assets.ctfassets.net/nm98451qj5dg/4L2FOWsQNspNvc7sfCNAPi/a212e0bc7085a1fbbfa2806160aa6102/Sports_Wagering.zip,data/raw/WV/2026-09-03/6db138da5370ba2db2edb15f44975bbf993dedc9bfac800f473ddcdc90af46a8_27FY_Sports_Wagering_Weekly_Summary.xlsx,Weekly periods remain as reported. Casino Revenue and sports Total Taxable Receipts are different metrics. Do not allocate weeks across calendar months. Definition validity across the whole stored history has not been inferred from this example.
WV,online_casino,handle,Total Handle (sports) / Wagers (casino),Reported wager volume for the selected online channel; not revenue.,USD,weekly,unknown,unknown; inspect the linked report and applicable footnotes before comparing periods or states,online,"official_statewide_total;operator; operator identifiers are native reporting names, not a harmonized brand map",unknown,unknown,2026-08-16 to 2026-08-22,https://assets.ctfassets.net/nm98451qj5dg/1HNpWK8sa0F3DjC8GFJ2ni/0c5fe16258cfdef5c05511c9cc7b9e70/i-Gaming.zip,data/raw/WV/2026-09-03/91c94a91adaf306dd1ae90857430fb260bb353fdd36dcf7b04a2aa02ca94d96a_27FY_iGaming_Weekly_Summary.xlsx,Weekly periods remain as reported. Casino Revenue and sports Total Taxable Receipts are different metrics. Do not allocate weeks across calendar months. Definition validity across the whole stored history has not been inferred from this example.
WV,online_casino,gross_revenue,Revenue (casino),Native reported gaming win/receipts in this source. Detailed deduction and timing equivalence is not established merely by this storage name.,USD,weekly,unknown,unknown; inspect the linked report and applicable footnotes before comparing periods or states,online,"official_statewide_total;operator; operator identifiers are native reporting names, not a harmonized brand map",unknown,unknown,2026-08-16 to 2026-08-22,https://assets.ctfassets.net/nm98451qj5dg/1HNpWK8sa0F3DjC8GFJ2ni/0c5fe16258cfdef5c05511c9cc7b9e70/i-Gaming.zip,data/raw/WV/2026-09-03/91c94a91adaf306dd1ae90857430fb260bb353fdd36dcf7b04a2aa02ca94d96a_27FY_iGaming_Weekly_Summary.xlsx,Weekly periods remain as reported. Casino Revenue and sports Total Taxable Receipts are different metrics. Do not allocate weeks across calendar months. Definition validity across the whole stored history has not been inferred from this example.
WV,online_casino,tax,Tax (casino),Reported tax/contribution or explicitly summed source tax lines; tax timing and coverage are source-specific.,USD,weekly,unknown,unknown; inspect the linked report and applicable footnotes before comparing periods or states,online,"official_statewide_total;operator; operator identifiers are native reporting names, not a harmonized brand map",unknown,unknown,2026-08-16 to 2026-08-22,https://assets.ctfassets.net/nm98451qj5dg/1HNpWK8sa0F3DjC8GFJ2ni/0c5fe16258cfdef5c05511c9cc7b9e70/i-Gaming.zip,data/raw/WV/2026-09-03/91c94a91adaf306dd1ae90857430fb260bb353fdd36dcf7b04a2aa02ca94d96a_27FY_iGaming_Weekly_Summary.xlsx,Weekly periods remain as reported. Casino Revenue and sports Total Taxable Receipts are different metrics. Do not allocate weeks across calendar months. Definition validity across the whole stored history has not been inferred from this example.
WY,online_sports_betting,handle,Monthly Wagers,Reported wager volume for the selected online channel; not revenue.,USD,monthly,unknown,"Net/taxable measures deduct non-cash winnings, voids, cancellations, resettlements and federal excise. Prior negative carryforward can affect tax.",online,"official_statewide_total;operator; operator identifiers are native reporting names, not a harmonized brand map",unknown,unknown,2026-07-01 to 2026-07-31,https://drive.google.com/uc?export=download&id=1XAHpwXYOGDbBh43zeHKRrZ5XcdqVcqbV,data\raw\WY\2026-09-05\6862f46577f09616199589cc0f6a87cd47b3088aff697bbeca7cdd15ae5abb75_uc_export_download_id_1XAHpwXYOGDbBh43zeHKRrZ5XcdqVcqbV,Historical statewide summaries become operator tables. April/May 2023 copies differ by pennies; December 2023 copies differ in tax availability. Consolidation flags all three as conflicting sources. Original net proceeds and later taxable revenue stay separate. Definition validity across the whole stored history has not been inferred from this example.
WY,online_sports_betting,gross_revenue,Gross Gaming Revenue,"Monthly Wagers less Cash Winnings Paid Out, per the historical report methodology. Non-cash winnings are deducted separately in the proceeds/taxable measure.",USD,monthly,unknown,"Net/taxable measures deduct non-cash winnings, voids, cancellations, resettlements and federal excise. Prior negative carryforward can affect tax.",online,"official_statewide_total;operator; operator identifiers are native reporting names, not a harmonized brand map",unknown,unknown,2026-07-01 to 2026-07-31,https://drive.google.com/uc?export=download&id=1XAHpwXYOGDbBh43zeHKRrZ5XcdqVcqbV,data\raw\WY\2026-09-05\6862f46577f09616199589cc0f6a87cd47b3088aff697bbeca7cdd15ae5abb75_uc_export_download_id_1XAHpwXYOGDbBh43zeHKRrZ5XcdqVcqbV,Historical statewide summaries become operator tables. April/May 2023 copies differ by pennies; December 2023 copies differ in tax availability. Consolidation flags all three as conflicting sources. Original net proceeds and later taxable revenue stay separate. Definition validity across the whole stored history has not been inferred from this example.
WY,online_sports_betting,taxable_revenue,Adjusted Taxable Gaming Revenue / Taxable Gaming Revenue,Printed adjusted/taxable gaming revenue after report deductions. Tax due can also reflect prior negative revenue carryforward; do not multiply the statewide base by 10% to replace reported tax.,USD,monthly,unknown,"Net/taxable measures deduct non-cash winnings, voids, cancellations, resettlements and federal excise. Prior negative carryforward can affect tax.",online,"official_statewide_total;operator; operator identifiers are native reporting names, not a harmonized brand map",unknown,unknown,2026-07-01 to 2026-07-31,https://drive.google.com/uc?export=download&id=1XAHpwXYOGDbBh43zeHKRrZ5XcdqVcqbV,data\raw\WY\2026-09-05\6862f46577f09616199589cc0f6a87cd47b3088aff697bbeca7cdd15ae5abb75_uc_export_download_id_1XAHpwXYOGDbBh43zeHKRrZ5XcdqVcqbV,Historical statewide summaries become operator tables. April/May 2023 copies differ by pennies; December 2023 copies differ in tax availability. Consolidation flags all three as conflicting sources. Original net proceeds and later taxable revenue stay separate. Definition validity across the whole stored history has not been inferred from this example. Net Sports Wagering Proceeds appears in early statewide summaries; later reports use Adjusted Taxable Gaming Revenue. Preserve both native labels and inspect each report around the change.
WY,online_sports_betting,net_proceeds,Net Sports Wagering Proceeds,"Gross gaming revenue less non-cash winnings, voids, cancelled wagers, resettlements and federal excise, per the historical summary methodology.",USD,monthly,unknown,"Net/taxable measures deduct non-cash winnings, voids, cancellations, resettlements and federal excise. Prior negative carryforward can affect tax.",online,"official_statewide_total;operator; operator identifiers are native reporting names, not a harmonized brand map",unknown,unknown,2022-03-01 to 2022-03-31,https://drive.google.com/uc?export=download&id=1VZIpL1RUQiVS4HUsiiD1yXKfHFzsqykF,data\raw\WY\2026-09-05\83561f041332255d0585ea5a64f6c9cf6be506fafacc1a0594f47352201d4fa8_uc,Historical statewide summaries become operator tables. April/May 2023 copies differ by pennies; December 2023 copies differ in tax availability. Consolidation flags all three as conflicting sources. Original net proceeds and later taxable revenue stay separate. Definition validity across the whole stored history has not been inferred from this example. Net Sports Wagering Proceeds appears in early statewide summaries; later reports use Adjusted Taxable Gaming Revenue. Preserve both native labels and inspect each report around the change.
WY,online_sports_betting,tax,Tax Revenue / Tax Due,Reported tax/contribution or explicitly summed source tax lines; tax timing and coverage are source-specific.,USD,monthly,unknown,"Net/taxable measures deduct non-cash winnings, voids, cancellations, resettlements and federal excise. Prior negative carryforward can affect tax.",online,"official_statewide_total;operator; operator identifiers are native reporting names, not a harmonized brand map",unknown,unknown,2026-07-01 to 2026-07-31,https://drive.google.com/uc?export=download&id=1XAHpwXYOGDbBh43zeHKRrZ5XcdqVcqbV,data\raw\WY\2026-09-05\6862f46577f09616199589cc0f6a87cd47b3088aff697bbeca7cdd15ae5abb75_uc_export_download_id_1XAHpwXYOGDbBh43zeHKRrZ5XcdqVcqbV,Historical statewide summaries become operator tables. April/May 2023 copies differ by pennies; December 2023 copies differ in tax availability. Consolidation flags all three as conflicting sources. Original net proceeds and later taxable revenue stay separate. Definition validity across the whole stored history has not been inferred from this example.
WY,online_casino,none,no collected metric,Checked the official regulator reporting/FAQ source and linked reporting categories; no separate online casino revenue series identified. This does not establish current legal status.,not applicable,none identified,unknown,unknown,unknown,unknown,unknown,unknown,none,https://gaming.wyo.gov/revenue-reports/financial-reports/combined-wagering-activity-reports,unknown,No observations fabricated. Recheck the named official source for a product launch or separate public series; retain no zero observations.
MD,online_sports_betting,taxable_revenue,Taxable Win (November 2022 launch report),"Handle less prizes, redeemed promotional play and other deductions. This workbook explicitly retains negative taxable win and separately reports zero state contributions for loss-making licensees.",USD,monthly,unknown,"Taxable win deducts prizes, promotional wagers and other deductions, including excise/adjustments. Loss carryforwards and treatment of negative taxable win differ by report. November 2022 prints negatives; July 2024 footnotes describe a zero floor and carryforward within three months. Do not infer the change date.",online,"official_statewide_total;operator; operator identifiers are native reporting names, not a harmonized brand map",2022-11-01,2022-11-30,2022-11-01 to 2022-11-30,https://www.mdgaming.com/wp-content/uploads/2022/12/November-2022-Sports-Wagering-Data.xlsx,data/raw/MD/2026-09-05/e068623164fe93eb3c6f4c386d9086eb778cab3b8ed760b3ae7e07a632888116_November-2022-Sports-Wagering-Data.xlsx,This row documents this report only. No intervening definition-change date is inferred. The mobile subtotal is called Combined within the MOBILE section; the separate combined statewide section includes retail and is excluded.
